source,page_name,page_route,action_name,original_status,review_root_cause,current_disposition,evidence,blocked_scope
fat-admin-explicit-navigation-actions.json,Bet Management,/payment/betting-slip/list,ALL,SKIPPED_NOT_ACTIONABLE,STRICT_LOCATOR_PROBLEM,TARGETED_UI_RETRY_REQUIRED,first-pass explicit-action execution; page belongs to the 57-route live menu set,selector/context or current option visibility; no interface request proved
fat-admin-explicit-navigation-actions.json,Friend Invite,/operations/friend-invite,Basic Reward,SKIPPED_NOT_ACTIONABLE,STRICT_LOCATOR_PROBLEM,TARGETED_UI_RETRY_REQUIRED,first-pass explicit-action execution; page belongs to the 57-route live menu set,selector/context or current option visibility; no interface request proved
fat-admin-explicit-navigation-actions.json,Friend Invite,/operations/friend-invite,Milestone,SKIPPED_NOT_ACTIONABLE,STRICT_LOCATOR_PROBLEM,TARGETED_UI_RETRY_REQUIRED,first-pass explicit-action execution; page belongs to the 57-route live menu set,selector/context or current option visibility; no interface request proved
fat-admin-explicit-navigation-actions.json,Friend Invite,/operations/friend-invite,Commission,SKIPPED_NOT_ACTIONABLE,STRICT_LOCATOR_PROBLEM,TARGETED_UI_RETRY_REQUIRED,first-pass explicit-action execution; page belongs to the 57-route live menu set,selector/context or current option visibility; no interface request proved
fat-admin-explicit-read-actions.json,Logs,/logs/list,Export,SKIPPED_NOT_ACTIONABLE,STRICT_LOCATOR_PROBLEM,TARGETED_UI_RETRY_REQUIRED,first-pass explicit-action execution; page belongs to the 57-route live menu set,selector/context or current option visibility; no interface request proved
fat-admin-explicit-read-actions.json,Member,/member-center/list,Batch query,SKIPPED_NOT_ACTIONABLE,STRICT_LOCATOR_PROBLEM,TARGETED_UI_RETRY_REQUIRED,first-pass explicit-action execution; page belongs to the 57-route live menu set,selector/context or current option visibility; no interface request proved
fat-admin-explicit-read-actions.json,Member,/member-center/list,Export,SKIPPED_NOT_ACTIONABLE,STRICT_LOCATOR_PROBLEM,TARGETED_UI_RETRY_REQUIRED,first-pass explicit-action execution; page belongs to the 57-route live menu set,selector/context or current option visibility; no interface request proved
fat-admin-explicit-read-actions.json,VIP Config,/member-management/vip-config,System Overview,SKIPPED_NOT_ACTIONABLE,STRICT_LOCATOR_PROBLEM,TARGETED_UI_RETRY_REQUIRED,first-pass explicit-action execution; page belongs to the 57-route live menu set,selector/context or current option visibility; no interface request proved
fat-admin-explicit-read-actions.json,VIP Rewards,/member-management/vip-rewards,Search,SKIPPED_NOT_ACTIONABLE,STRICT_LOCATOR_PROBLEM,TARGETED_UI_RETRY_REQUIRED,first-pass explicit-action execution; page belongs to the 57-route live menu set,selector/context or current option visibility; no interface request proved
fat-admin-explicit-read-actions.json,VIP Rewards,/member-management/vip-rewards,Reset,SKIPPED_NOT_ACTIONABLE,STRICT_LOCATOR_PROBLEM,TARGETED_UI_RETRY_REQUIRED,first-pass explicit-action execution; page belongs to the 57-route live menu set,selector/context or current option visibility; no interface request proved
fat-admin-explicit-read-actions.json,VIP Rewards,/member-management/vip-rewards,Export Excel,SKIPPED_NOT_ACTIONABLE,STRICT_LOCATOR_PROBLEM,TARGETED_UI_RETRY_REQUIRED,first-pass explicit-action execution; page belongs to the 57-route live menu set,selector/context or current option visibility; no interface request proved
fat-admin-explicit-read-actions.json,VIP Check-in Log,/member-management/vip-checkin-log,Export,SKIPPED_NOT_ACTIONABLE,STRICT_LOCATOR_PROBLEM,TARGETED_UI_RETRY_REQUIRED,first-pass explicit-action execution; page belongs to the 57-route live menu set,selector/context or current option visibility; no interface request proved
fat-admin-explicit-read-actions.json,Inviter Transfer Records,/member-management/inviter-transfer-records,Export,SKIPPED_NOT_ACTIONABLE,STRICT_LOCATOR_PROBLEM,TARGETED_UI_RETRY_REQUIRED,first-pass explicit-action execution; page belongs to the 57-route live menu set,selector/context or current option visibility; no interface request proved
fat-admin-explicit-read-actions.json,Agency statistical report,/agency-management/agency-statistical,Export,SKIPPED_NOT_ACTIONABLE,STRICT_LOCATOR_PROBLEM,TARGETED_UI_RETRY_REQUIRED,first-pass explicit-action execution; page belongs to the 57-route live menu set,selector/context or current option visibility; no interface request proved
fat-admin-explicit-read-actions.json,Game Reports,/report-management/game-reports/list,Export,SKIPPED_NOT_ACTIONABLE,STRICT_LOCATOR_PROBLEM,TARGETED_UI_RETRY_REQUIRED,first-pass explicit-action execution; page belongs to the 57-route live menu set,selector/context or current option visibility; no interface request proved
fat-admin-explicit-read-actions.json,Game Type Reports,/report-management/game-types-report/list,Export,SKIPPED_NOT_ACTIONABLE,STRICT_LOCATOR_PROBLEM,TARGETED_UI_RETRY_REQUIRED,first-pass explicit-action execution; page belongs to the 57-route live menu set,selector/context or current option visibility; no interface request proved
fat-admin-explicit-read-actions.json,Game Platform Reports,/report-management/game-platform-report/list,Export,SKIPPED_NOT_ACTIONABLE,STRICT_LOCATOR_PROBLEM,TARGETED_UI_RETRY_REQUIRED,first-pass explicit-action execution; page belongs to the 57-route live menu set,selector/context or current option visibility; no interface request proved
fat-admin-explicit-read-actions.json,Member Daily Game Stats,/report-management/member-daily-game-stats,Export,SKIPPED_NOT_ACTIONABLE,STRICT_LOCATOR_PROBLEM,TARGETED_UI_RETRY_REQUIRED,first-pass explicit-action execution; page belongs to the 57-route live menu set,selector/context or current option visibility; no interface request proved
fat-admin-explicit-read-actions.json,Deposit Record,/payment/recharge-orders/list,Export,SKIPPED_NOT_ACTIONABLE,STRICT_LOCATOR_PROBLEM,TARGETED_UI_RETRY_REQUIRED,first-pass explicit-action execution; page belongs to the 57-route live menu set,selector/context or current option visibility; no interface request proved
fat-admin-explicit-read-actions.json,Withdrawal Record,/payment/withdraw-orders/list,Export,SKIPPED_NOT_ACTIONABLE,STRICT_LOCATOR_PROBLEM,TARGETED_UI_RETRY_REQUIRED,first-pass explicit-action execution; page belongs to the 57-route live menu set,selector/context or current option visibility; no interface request proved
fat-admin-explicit-read-actions.json,Daily Report,/operations/daily-reports,Export,SKIPPED_NOT_ACTIONABLE,STRICT_LOCATOR_PROBLEM,TARGETED_UI_RETRY_REQUIRED,first-pass explicit-action execution; page belongs to the 57-route live menu set,selector/context or current option visibility; no interface request proved
fat-admin-explicit-read-actions.json,Market Management,/operations/mall-management,Export,SKIPPED_NOT_ACTIONABLE,STRICT_LOCATOR_PROBLEM,TARGETED_UI_RETRY_REQUIRED,first-pass explicit-action execution; page belongs to the 57-route live menu set,selector/context or current option visibility; no interface request proved
fat-admin-explicit-read-actions.json,Promotion List,/operations/activity-list,Export,SKIPPED_NOT_ACTIONABLE,STRICT_LOCATOR_PROBLEM,TARGETED_UI_RETRY_REQUIRED,first-pass explicit-action execution; page belongs to the 57-route live menu set,selector/context or current option visibility; no interface request proved
fat-admin-explicit-read-actions.json,Promotion Spend Audit,/operations/activity-expenditure-audit,Export,SKIPPED_NOT_ACTIONABLE,STRICT_LOCATOR_PROBLEM,TARGETED_UI_RETRY_REQUIRED,first-pass explicit-action execution; page belongs to the 57-route live menu set,selector/context or current option visibility; no interface request proved
fat-admin-explicit-read-actions.json,Message Templates,/operations/message-templates,Export,SKIPPED_NOT_ACTIONABLE,STRICT_LOCATOR_PROBLEM,TARGETED_UI_RETRY_REQUIRED,first-pass explicit-action execution; page belongs to the 57-route live menu set,selector/context or current option visibility; no interface request proved
fat-admin-explicit-read-actions.json,Member station message,/operations/in-site-message,Export,SKIPPED_NOT_ACTIONABLE,STRICT_LOCATOR_PROBLEM,TARGETED_UI_RETRY_REQUIRED,first-pass explicit-action execution; page belongs to the 57-route live menu set,selector/context or current option visibility; no interface request proved
fat-admin-explicit-read-actions.json,Friend Invite,/operations/friend-invite,Export,SKIPPED_NOT_ACTIONABLE,STRICT_LOCATOR_PROBLEM,TARGETED_UI_RETRY_REQUIRED,first-pass explicit-action execution; page belongs to the 57-route live menu set,selector/context or current option visibility; no interface request proved
fat-admin-explicit-read-actions.json,Jackpot Board,/operations/jackpot-board,Export,SKIPPED_NOT_ACTIONABLE,STRICT_LOCATOR_PROBLEM,TARGETED_UI_RETRY_REQUIRED,first-pass explicit-action execution; page belongs to the 57-route live menu set,selector/context or current option visibility; no interface request proved
fat-admin-explicit-read-actions.json,Ops tools,/operations/ops-tools,Export,SKIPPED_NOT_ACTIONABLE,STRICT_LOCATOR_PROBLEM,TARGETED_UI_RETRY_REQUIRED,first-pass explicit-action execution; page belongs to the 57-route live menu set,selector/context or current option visibility; no interface request proved
fat-admin-explicit-read-actions.json,Home Sections Config,/operations/home-sections,Refresh,SKIPPED_NOT_ACTIONABLE,STRICT_LOCATOR_PROBLEM,TARGETED_UI_RETRY_REQUIRED,first-pass explicit-action execution; page belongs to the 57-route live menu set,selector/context or current option visibility; no interface request proved
fat-admin-explicit-read-actions.json,Home Sections Config,/operations/home-sections,Preview,SKIPPED_NOT_ACTIONABLE,STRICT_LOCATOR_PROBLEM,TARGETED_UI_RETRY_REQUIRED,first-pass explicit-action execution; page belongs to the 57-route live menu set,selector/context or current option visibility; no interface request proved
fat-admin-explicit-read-actions.json,Deposit/Withdrawal Approval,/risk-control/dw-audit,Export to Excel,SKIPPED_NOT_ACTIONABLE,STRICT_LOCATOR_PROBLEM,TARGETED_UI_RETRY_REQUIRED,first-pass explicit-action execution; page belongs to the 57-route live menu set,selector/context or current option visibility; no interface request proved
fat-admin-explicit-read-actions.json,Fund Transfer Record,/risk-control/up-down-score,Export to Excel,SKIPPED_NOT_ACTIONABLE,STRICT_LOCATOR_PROBLEM,TARGETED_UI_RETRY_REQUIRED,first-pass explicit-action execution; page belongs to the 57-route live menu set,selector/context or current option visibility; no interface request proved
fat-admin-explicit-read-actions.json,Temporary Restriction List,/risk-control/temporary-restriction-list,Search,SKIPPED_NOT_ACTIONABLE,STRICT_LOCATOR_PROBLEM,TARGETED_UI_RETRY_REQUIRED,first-pass explicit-action execution; page belongs to the 57-route live menu set,selector/context or current option visibility; no interface request proved
fat-admin-explicit-read-actions.json,Temporary Restriction List,/risk-control/temporary-restriction-list,Reset,SKIPPED_NOT_ACTIONABLE,STRICT_LOCATOR_PROBLEM,TARGETED_UI_RETRY_REQUIRED,first-pass explicit-action execution; page belongs to the 57-route live menu set,selector/context or current option visibility; no interface request proved
fat-admin-explicit-read-actions.json,Channel Management,/promo-marketing/channels,Export,SKIPPED_NOT_ACTIONABLE,STRICT_LOCATOR_PROBLEM,TARGETED_UI_RETRY_REQUIRED,first-pass explicit-action execution; page belongs to the 57-route live menu set,selector/context or current option visibility; no interface request proved
fat-admin-explicit-read-actions.json,Promo Marketing Report,/promo-marketing/statistical-reports,Search,SKIPPED_NOT_ACTIONABLE,STRICT_LOCATOR_PROBLEM,TARGETED_UI_RETRY_REQUIRED,first-pass explicit-action execution; page belongs to the 57-route live menu set,selector/context or current option visibility; no interface request proved
fat-admin-explicit-read-actions.json,First Deposit Daily Active Analysis,/promo-marketing/first-deposit-daily-active,Search,SKIPPED_NOT_ACTIONABLE,STRICT_LOCATOR_PROBLEM,TARGETED_UI_RETRY_REQUIRED,first-pass explicit-action execution; page belongs to the 57-route live menu set,selector/context or current option visibility; no interface request proved
fat-admin-explicit-read-actions.json,First Deposit Daily Active Analysis,/promo-marketing/first-deposit-daily-active,Reset,SKIPPED_NOT_ACTIONABLE,STRICT_LOCATOR_PROBLEM,TARGETED_UI_RETRY_REQUIRED,first-pass explicit-action execution; page belongs to the 57-route live menu set,selector/context or current option visibility; no interface request proved
fat-admin-explicit-read-actions.json,Promo Data,/promo-marketing/promotion-data,Search,SKIPPED_NOT_ACTIONABLE,STRICT_LOCATOR_PROBLEM,TARGETED_UI_RETRY_REQUIRED,first-pass explicit-action execution; page belongs to the 57-route live menu set,selector/context or current option visibility; no interface request proved
fat-admin-explicit-read-actions.json,Game List Management,/gamev2/game-management,Export,SKIPPED_NOT_ACTIONABLE,STRICT_LOCATOR_PROBLEM,TARGETED_UI_RETRY_REQUIRED,first-pass explicit-action execution; page belongs to the 57-route live menu set,selector/context or current option visibility; no interface request proved
fat-admin-explicit-read-actions.json,FS 派发管理,/gamev2/freespin-grants,Search,SKIPPED_NOT_ACTIONABLE,STRICT_LOCATOR_PROBLEM,TARGETED_UI_RETRY_REQUIRED,first-pass explicit-action execution; page belongs to the 57-route live menu set,selector/context or current option visibility; no interface request proved
fat-admin-explicit-read-actions.json,FS 派发管理,/gamev2/freespin-grants,Reset,SKIPPED_NOT_ACTIONABLE,STRICT_LOCATOR_PROBLEM,TARGETED_UI_RETRY_REQUIRED,first-pass explicit-action execution; page belongs to the 57-route live menu set,selector/context or current option visibility; no interface request proved
fat-admin-explicit-read-actions.json,FS 派发管理,/gamev2/freespin-grants,Export CSV,SKIPPED_NOT_ACTIONABLE,STRICT_LOCATOR_PROBLEM,TARGETED_UI_RETRY_REQUIRED,first-pass explicit-action execution; page belongs to the 57-route live menu set,selector/context or current option visibility; no interface request proved
fat-admin-explicit-read-actions.json,FS 批量派发纪录,/gamev2/freespin-import-logs,Search,SKIPPED_NOT_ACTIONABLE,STRICT_LOCATOR_PROBLEM,TARGETED_UI_RETRY_REQUIRED,first-pass explicit-action execution; page belongs to the 57-route live menu set,selector/context or current option visibility; no interface request proved
fat-admin-explicit-read-actions.json,FS 批量派发纪录,/gamev2/freespin-import-logs,Reset,SKIPPED_NOT_ACTIONABLE,STRICT_LOCATOR_PROBLEM,TARGETED_UI_RETRY_REQUIRED,first-pass explicit-action execution; page belongs to the 57-route live menu set,selector/context or current option visibility; no interface request proved
fat-admin-explicit-filter-actions.json,Home,/home,Year/Month/Day,SKIPPED_NOT_FILTER_CONTEXT,STRICT_LOCATOR_PROBLEM,TARGETED_UI_RETRY_REQUIRED,first-pass explicit-action execution; page belongs to the 57-route live menu set,selector/context or current option visibility; no interface request proved
fat-admin-explicit-filter-actions.json,Logs,/logs/list,Page Size,SKIPPED_NOT_ACTIONABLE,STRICT_LOCATOR_PROBLEM,TARGETED_UI_RETRY_REQUIRED,first-pass explicit-action execution; page belongs to the 57-route live menu set,selector/context or current option visibility; no interface request proved
fat-admin-explicit-filter-actions.json,Logs,/logs/list,Page,SKIPPED_NOT_ACTIONABLE,STRICT_LOCATOR_PROBLEM,TARGETED_UI_RETRY_REQUIRED,first-pass explicit-action execution; page belongs to the 57-route live menu set,selector/context or current option visibility; no interface request proved
fat-admin-explicit-filter-actions.json,Logs,/logs/list,Page Size,SKIPPED_NOT_ACTIONABLE,STRICT_LOCATOR_PROBLEM,TARGETED_UI_RETRY_REQUIRED,first-pass explicit-action execution; page belongs to the 57-route live menu set,selector/context or current option visibility; no interface request proved
fat-admin-explicit-filter-actions.json,Member,/member-center/list,Page Size,SKIPPED_NOT_ACTIONABLE,STRICT_LOCATOR_PROBLEM,TARGETED_UI_RETRY_REQUIRED,first-pass explicit-action execution; page belongs to the 57-route live menu set,selector/context or current option visibility; no interface request proved
fat-admin-explicit-filter-actions.json,Member,/member-center/list,All,ERROR,STRICT_LOCATOR_PROBLEM,TARGETED_UI_RETRY_REQUIRED,first-pass explicit-action execution; page belongs to the 57-route live menu set,selector/context or current option visibility; no interface request proved
fat-admin-explicit-filter-actions.json,Member,/member-center/list,Channel Filter,ERROR,STRICT_LOCATOR_PROBLEM,TARGETED_UI_RETRY_REQUIRED,first-pass explicit-action execution; page belongs to the 57-route live menu set,selector/context or current option visibility; no interface request proved
fat-admin-explicit-filter-actions.json,Member,/member-center/list,Page Size,SKIPPED_NOT_ACTIONABLE,STRICT_LOCATOR_PROBLEM,TARGETED_UI_RETRY_REQUIRED,first-pass explicit-action execution; page belongs to the 57-route live menu set,selector/context or current option visibility; no interface request proved
fat-admin-explicit-filter-actions.json,VIP Check-in Log,/member-management/vip-checkin-log,Page Size,SKIPPED_NOT_ACTIONABLE,STRICT_LOCATOR_PROBLEM,TARGETED_UI_RETRY_REQUIRED,first-pass explicit-action execution; page belongs to the 57-route live menu set,selector/context or current option visibility; no interface request proved
fat-admin-explicit-filter-actions.json,VIP Check-in Log,/member-management/vip-checkin-log,Page Size,SKIPPED_NOT_ACTIONABLE,STRICT_LOCATOR_PROBLEM,TARGETED_UI_RETRY_REQUIRED,first-pass explicit-action execution; page belongs to the 57-route live menu set,selector/context or current option visibility; no interface request proved
fat-admin-explicit-filter-actions.json,Inviter Transfer Records,/member-management/inviter-transfer-records,Page Size,SKIPPED_NOT_ACTIONABLE,STRICT_LOCATOR_PROBLEM,TARGETED_UI_RETRY_REQUIRED,first-pass explicit-action execution; page belongs to the 57-route live menu set,selector/context or current option visibility; no interface request proved
fat-admin-explicit-filter-actions.json,Inviter Transfer Records,/member-management/inviter-transfer-records,Page Size,SKIPPED_NOT_ACTIONABLE,STRICT_LOCATOR_PROBLEM,TARGETED_UI_RETRY_REQUIRED,first-pass explicit-action execution; page belongs to the 57-route live menu set,selector/context or current option visibility; no interface request proved
fat-admin-explicit-filter-actions.json,Agency statistical report,/agency-management/agency-statistical,Page Size,SKIPPED_NOT_ACTIONABLE,STRICT_LOCATOR_PROBLEM,TARGETED_UI_RETRY_REQUIRED,first-pass explicit-action execution; page belongs to the 57-route live menu set,selector/context or current option visibility; no interface request proved
fat-admin-explicit-filter-actions.json,Agency statistical report,/agency-management/agency-statistical,Page Size,SKIPPED_NOT_ACTIONABLE,STRICT_LOCATOR_PROBLEM,TARGETED_UI_RETRY_REQUIRED,first-pass explicit-action execution; page belongs to the 57-route live menu set,selector/context or current option visibility; no interface request proved
fat-admin-explicit-filter-actions.json,Game Reports,/report-management/game-reports/list,Page Size,SKIPPED_NOT_ACTIONABLE,STRICT_LOCATOR_PROBLEM,TARGETED_UI_RETRY_REQUIRED,first-pass explicit-action execution; page belongs to the 57-route live menu set,selector/context or current option visibility; no interface request proved
fat-admin-explicit-filter-actions.json,Game Reports,/report-management/game-reports/list,Page,SKIPPED_NOT_ACTIONABLE,STRICT_LOCATOR_PROBLEM,TARGETED_UI_RETRY_REQUIRED,first-pass explicit-action execution; page belongs to the 57-route live menu set,selector/context or current option visibility; no interface request proved
fat-admin-explicit-filter-actions.json,Game Reports,/report-management/game-reports/list,Page Size,SKIPPED_NOT_ACTIONABLE,STRICT_LOCATOR_PROBLEM,TARGETED_UI_RETRY_REQUIRED,first-pass explicit-action execution; page belongs to the 57-route live menu set,selector/context or current option visibility; no interface request proved
fat-admin-explicit-filter-actions.json,Game Type Reports,/report-management/game-types-report/list,Page Size,SKIPPED_NOT_ACTIONABLE,STRICT_LOCATOR_PROBLEM,TARGETED_UI_RETRY_REQUIRED,first-pass explicit-action execution; page belongs to the 57-route live menu set,selector/context or current option visibility; no interface request proved
fat-admin-explicit-filter-actions.json,Game Type Reports,/report-management/game-types-report/list,Page,SKIPPED_NOT_ACTIONABLE,STRICT_LOCATOR_PROBLEM,TARGETED_UI_RETRY_REQUIRED,first-pass explicit-action execution; page belongs to the 57-route live menu set,selector/context or current option visibility; no interface request proved
fat-admin-explicit-filter-actions.json,Game Type Reports,/report-management/game-types-report/list,Page Size,SKIPPED_NOT_ACTIONABLE,STRICT_LOCATOR_PROBLEM,TARGETED_UI_RETRY_REQUIRED,first-pass explicit-action execution; page belongs to the 57-route live menu set,selector/context or current option visibility; no interface request proved
fat-admin-explicit-filter-actions.json,Game Platform Reports,/report-management/game-platform-report/list,Page Size,SKIPPED_NOT_ACTIONABLE,STRICT_LOCATOR_PROBLEM,TARGETED_UI_RETRY_REQUIRED,first-pass explicit-action execution; page belongs to the 57-route live menu set,selector/context or current option visibility; no interface request proved
fat-admin-explicit-filter-actions.json,Game Platform Reports,/report-management/game-platform-report/list,Page,SKIPPED_NOT_ACTIONABLE,STRICT_LOCATOR_PROBLEM,TARGETED_UI_RETRY_REQUIRED,first-pass explicit-action execution; page belongs to the 57-route live menu set,selector/context or current option visibility; no interface request proved
fat-admin-explicit-filter-actions.json,Game Platform Reports,/report-management/game-platform-report/list,Page Size,SKIPPED_NOT_ACTIONABLE,STRICT_LOCATOR_PROBLEM,TARGETED_UI_RETRY_REQUIRED,first-pass explicit-action execution; page belongs to the 57-route live menu set,selector/context or current option visibility; no interface request proved
fat-admin-explicit-filter-actions.json,Member Daily Stats,/report-management/member-daily-stats,Please enter,SKIPPED_NOT_FILTER_CONTEXT,STRICT_LOCATOR_PROBLEM,TARGETED_UI_RETRY_REQUIRED,first-pass explicit-action execution; page belongs to the 57-route live menu set,selector/context or current option visibility; no interface request proved
fat-admin-explicit-filter-actions.json,Member Daily Stats,/report-management/member-daily-stats,输入邀请人账号,SKIPPED_NOT_FILTER_CONTEXT,STRICT_LOCATOR_PROBLEM,TARGETED_UI_RETRY_REQUIRED,first-pass explicit-action execution; page belongs to the 57-route live menu set,selector/context or current option visibility; no interface request proved
fat-admin-explicit-filter-actions.json,Member Daily Stats,/report-management/member-daily-stats,Start Date,SKIPPED_NOT_FILTER_CONTEXT,STRICT_LOCATOR_PROBLEM,TARGETED_UI_RETRY_REQUIRED,first-pass explicit-action execution; page belongs to the 57-route live menu set,selector/context or current option visibility; no interface request proved
fat-admin-explicit-filter-actions.json,Member Daily Stats,/report-management/member-daily-stats,End Date,SKIPPED_NOT_FILTER_CONTEXT,STRICT_LOCATOR_PROBLEM,TARGETED_UI_RETRY_REQUIRED,first-pass explicit-action execution; page belongs to the 57-route live menu set,selector/context or current option visibility; no interface request proved
fat-admin-explicit-filter-actions.json,Member Daily Stats,/report-management/member-daily-stats,UID,SKIPPED_NOT_FILTER_CONTEXT,STRICT_LOCATOR_PROBLEM,TARGETED_UI_RETRY_REQUIRED,first-pass explicit-action execution; page belongs to the 57-route live menu set,selector/context or current option visibility; no interface request proved
fat-admin-explicit-filter-actions.json,Member Daily Stats,/report-management/member-daily-stats,一级,SKIPPED_NOT_FILTER_CONTEXT,STRICT_LOCATOR_PROBLEM,TARGETED_UI_RETRY_REQUIRED,first-pass explicit-action execution; page belongs to the 57-route live menu set,selector/context or current option visibility; no interface request proved
fat-admin-explicit-filter-actions.json,Deposit Record,/payment/recharge-orders/list,Deposit Channel Name,ERROR,STRICT_LOCATOR_PROBLEM,TARGETED_UI_RETRY_REQUIRED,first-pass explicit-action execution; page belongs to the 57-route live menu set,selector/context or current option visibility; no interface request proved
fat-admin-explicit-filter-actions.json,Deposit Record,/payment/recharge-orders/list,Select VIP level,ERROR,STRICT_LOCATOR_PROBLEM,TARGETED_UI_RETRY_REQUIRED,first-pass explicit-action execution; page belongs to the 57-route live menu set,selector/context or current option visibility; no interface request proved
fat-admin-explicit-filter-actions.json,Withdrawal Record,/payment/withdraw-orders/list,Withdrawal Channel Name,ERROR,STRICT_LOCATOR_PROBLEM,TARGETED_UI_RETRY_REQUIRED,first-pass explicit-action execution; page belongs to the 57-route live menu set,selector/context or current option visibility; no interface request proved
fat-admin-explicit-filter-actions.json,Bet Management,/payment/betting-slip/list,Page Size,SKIPPED_NOT_ACTIONABLE,STRICT_LOCATOR_PROBLEM,TARGETED_UI_RETRY_REQUIRED,first-pass explicit-action execution; page belongs to the 57-route live menu set,selector/context or current option visibility; no interface request proved
fat-admin-explicit-filter-actions.json,Bet Management,/payment/betting-slip/list,Page Size,SKIPPED_NOT_ACTIONABLE,STRICT_LOCATOR_PROBLEM,TARGETED_UI_RETRY_REQUIRED,first-pass explicit-action execution; page belongs to the 57-route live menu set,selector/context or current option visibility; no interface request proved
fat-admin-explicit-filter-actions.json,Member Wallet Transactions,/payment/transaction-orders,Page Size,SKIPPED_NOT_ACTIONABLE,STRICT_LOCATOR_PROBLEM,TARGETED_UI_RETRY_REQUIRED,first-pass explicit-action execution; page belongs to the 57-route live menu set,selector/context or current option visibility; no interface request proved
fat-admin-explicit-filter-actions.json,Member Wallet Transactions,/payment/transaction-orders,Page Size,SKIPPED_NOT_ACTIONABLE,STRICT_LOCATOR_PROBLEM,TARGETED_UI_RETRY_REQUIRED,first-pass explicit-action execution; page belongs to the 57-route live menu set,selector/context or current option visibility; no interface request proved
fat-admin-explicit-filter-actions.json,Payment Channels,/payment/channel-ordersV2,Page Size,SKIPPED_NOT_ACTIONABLE,STRICT_LOCATOR_PROBLEM,TARGETED_UI_RETRY_REQUIRED,first-pass explicit-action execution; page belongs to the 57-route live menu set,selector/context or current option visibility; no interface request proved
fat-admin-explicit-filter-actions.json,Payment Channels,/payment/channel-ordersV2,Page Size,SKIPPED_NOT_ACTIONABLE,STRICT_LOCATOR_PROBLEM,TARGETED_UI_RETRY_REQUIRED,first-pass explicit-action execution; page belongs to the 57-route live menu set,selector/context or current option visibility; no interface request proved
fat-admin-explicit-filter-actions.json,Recharge Template,/operations/recharge-template,Please enter,SKIPPED_NOT_FILTER_CONTEXT,STRICT_LOCATOR_PROBLEM,TARGETED_UI_RETRY_REQUIRED,first-pass explicit-action execution; page belongs to the 57-route live menu set,selector/context or current option visibility; no interface request proved
fat-admin-explicit-filter-actions.json,Recharge Template,/operations/recharge-template,Page Size,SKIPPED_NOT_ACTIONABLE,STRICT_LOCATOR_PROBLEM,TARGETED_UI_RETRY_REQUIRED,first-pass explicit-action execution; page belongs to the 57-route live menu set,selector/context or current option visibility; no interface request proved
fat-admin-explicit-filter-actions.json,Recharge Template,/operations/recharge-template,Page Size,SKIPPED_NOT_ACTIONABLE,STRICT_LOCATOR_PROBLEM,TARGETED_UI_RETRY_REQUIRED,first-pass explicit-action execution; page belongs to the 57-route live menu set,selector/context or current option visibility; no interface request proved
fat-admin-explicit-filter-actions.json,Client Configuration,/operations/client-config,Page Size,SKIPPED_NOT_ACTIONABLE,STRICT_LOCATOR_PROBLEM,TARGETED_UI_RETRY_REQUIRED,first-pass explicit-action execution; page belongs to the 57-route live menu set,selector/context or current option visibility; no interface request proved
fat-admin-explicit-filter-actions.json,Client Configuration,/operations/client-config,Page Size,SKIPPED_NOT_ACTIONABLE,STRICT_LOCATOR_PROBLEM,TARGETED_UI_RETRY_REQUIRED,first-pass explicit-action execution; page belongs to the 57-route live menu set,selector/context or current option visibility; no interface request proved
fat-admin-explicit-filter-actions.json,Material Management,/operations/material-management,Page Size,SKIPPED_NOT_ACTIONABLE,STRICT_LOCATOR_PROBLEM,TARGETED_UI_RETRY_REQUIRED,first-pass explicit-action execution; page belongs to the 57-route live menu set,selector/context or current option visibility; no interface request proved
fat-admin-explicit-filter-actions.json,Material Management,/operations/material-management,Page,SKIPPED_NOT_ACTIONABLE,STRICT_LOCATOR_PROBLEM,TARGETED_UI_RETRY_REQUIRED,first-pass explicit-action execution; page belongs to the 57-route live menu set,selector/context or current option visibility; no interface request proved
fat-admin-explicit-filter-actions.json,Material Management,/operations/material-management,Page Size,SKIPPED_NOT_ACTIONABLE,STRICT_LOCATOR_PROBLEM,TARGETED_UI_RETRY_REQUIRED,first-pass explicit-action execution; page belongs to the 57-route live menu set,selector/context or current option visibility; no interface request proved
fat-admin-explicit-filter-actions.json,Market Management,/operations/mall-management,Page Size,SKIPPED_NOT_ACTIONABLE,STRICT_LOCATOR_PROBLEM,TARGETED_UI_RETRY_REQUIRED,first-pass explicit-action execution; page belongs to the 57-route live menu set,selector/context or current option visibility; no interface request proved
fat-admin-explicit-filter-actions.json,Market Management,/operations/mall-management,Page,SKIPPED_NOT_ACTIONABLE,STRICT_LOCATOR_PROBLEM,TARGETED_UI_RETRY_REQUIRED,first-pass explicit-action execution; page belongs to the 57-route live menu set,selector/context or current option visibility; no interface request proved
fat-admin-explicit-filter-actions.json,Market Management,/operations/mall-management,Page Size,SKIPPED_NOT_ACTIONABLE,STRICT_LOCATOR_PROBLEM,TARGETED_UI_RETRY_REQUIRED,first-pass explicit-action execution; page belongs to the 57-route live menu set,selector/context or current option visibility; no interface request proved
fat-admin-explicit-filter-actions.json,Promotion List,/operations/activity-list,Page Size,SKIPPED_NOT_ACTIONABLE,STRICT_LOCATOR_PROBLEM,TARGETED_UI_RETRY_REQUIRED,first-pass explicit-action execution; page belongs to the 57-route live menu set,selector/context or current option visibility; no interface request proved
fat-admin-explicit-filter-actions.json,Promotion List,/operations/activity-list,Page Size,SKIPPED_NOT_ACTIONABLE,STRICT_LOCATOR_PROBLEM,TARGETED_UI_RETRY_REQUIRED,first-pass explicit-action execution; page belongs to the 57-route live menu set,selector/context or current option visibility; no interface request proved
fat-admin-explicit-filter-actions.json,Promotion Spend Audit,/operations/activity-expenditure-audit,Custom selection,SKIPPED_NOT_ACTIONABLE,STRICT_LOCATOR_PROBLEM,TARGETED_UI_RETRY_REQUIRED,first-pass explicit-action execution; page belongs to the 57-route live menu set,selector/context or current option visibility; no interface request proved
fat-admin-explicit-filter-actions.json,Ad Tracking/Buried Point,/operations/advertisement-tracking,Page Size,SKIPPED_NOT_ACTIONABLE,STRICT_LOCATOR_PROBLEM,TARGETED_UI_RETRY_REQUIRED,first-pass explicit-action execution; page belongs to the 57-route live menu set,selector/context or current option visibility; no interface request proved
fat-admin-explicit-filter-actions.json,Ad Tracking/Buried Point,/operations/advertisement-tracking,Page Size,SKIPPED_NOT_ACTIONABLE,STRICT_LOCATOR_PROBLEM,TARGETED_UI_RETRY_REQUIRED,first-pass explicit-action execution; page belongs to the 57-route live menu set,selector/context or current option visibility; no interface request proved
fat-admin-explicit-filter-actions.json,Message Templates,/operations/message-templates,Page Size,SKIPPED_NOT_ACTIONABLE,STRICT_LOCATOR_PROBLEM,TARGETED_UI_RETRY_REQUIRED,first-pass explicit-action execution; page belongs to the 57-route live menu set,selector/context or current option visibility; no interface request proved
fat-admin-explicit-filter-actions.json,Message Templates,/operations/message-templates,Page,SKIPPED_NOT_ACTIONABLE,STRICT_LOCATOR_PROBLEM,TARGETED_UI_RETRY_REQUIRED,first-pass explicit-action execution; page belongs to the 57-route live menu set,selector/context or current option visibility; no interface request proved
fat-admin-explicit-filter-actions.json,Message Templates,/operations/message-templates,Operator,SKIPPED_NO_OPTION,CURRENT_STATE_NOT_VISIBLE,RETRY_ONLY_WHEN_A_LEGAL_OPTION_IS_VISIBLE,first-pass explicit-action execution; page belongs to the 57-route live menu set,selector/context or current option visibility; no interface request proved
fat-admin-explicit-filter-actions.json,Message Templates,/operations/message-templates,Page Size,SKIPPED_NOT_ACTIONABLE,STRICT_LOCATOR_PROBLEM,TARGETED_UI_RETRY_REQUIRED,first-pass explicit-action execution; page belongs to the 57-route live menu set,selector/context or current option visibility; no interface request proved
fat-admin-explicit-filter-actions.json,Member station message,/operations/in-site-message,Page Size,SKIPPED_NOT_ACTIONABLE,STRICT_LOCATOR_PROBLEM,TARGETED_UI_RETRY_REQUIRED,first-pass explicit-action execution; page belongs to the 57-route live menu set,selector/context or current option visibility; no interface request proved
fat-admin-explicit-filter-actions.json,Member station message,/operations/in-site-message,Page,SKIPPED_NOT_ACTIONABLE,STRICT_LOCATOR_PROBLEM,TARGETED_UI_RETRY_REQUIRED,first-pass explicit-action execution; page belongs to the 57-route live menu set,selector/context or current option visibility; no interface request proved
fat-admin-explicit-filter-actions.json,Member station message,/operations/in-site-message,Page Size,SKIPPED_NOT_ACTIONABLE,STRICT_LOCATOR_PROBLEM,TARGETED_UI_RETRY_REQUIRED,first-pass explicit-action execution; page belongs to the 57-route live menu set,selector/context or current option visibility; no interface request proved
fat-admin-explicit-filter-actions.json,Ops tools,/operations/ops-tools,Start date,SKIPPED_NOT_FILTER_CONTEXT,STRICT_LOCATOR_PROBLEM,TARGETED_UI_RETRY_REQUIRED,first-pass explicit-action execution; page belongs to the 57-route live menu set,selector/context or current option visibility; no interface request proved
fat-admin-explicit-filter-actions.json,Ops tools,/operations/ops-tools,End date,SKIPPED_NOT_FILTER_CONTEXT,STRICT_LOCATOR_PROBLEM,TARGETED_UI_RETRY_REQUIRED,first-pass explicit-action execution; page belongs to the 57-route live menu set,selector/context or current option visibility; no interface request proved
fat-admin-explicit-filter-actions.json,Ops tools,/operations/ops-tools,Select date,SKIPPED_NOT_FILTER_CONTEXT,STRICT_LOCATOR_PROBLEM,TARGETED_UI_RETRY_REQUIRED,first-pass explicit-action execution; page belongs to the 57-route live menu set,selector/context or current option visibility; no interface request proved
fat-admin-explicit-filter-actions.json,Deposit/Withdrawal Approval,/risk-control/dw-audit,Custom selection,SKIPPED_NOT_ACTIONABLE,STRICT_LOCATOR_PROBLEM,TARGETED_UI_RETRY_REQUIRED,first-pass explicit-action execution; page belongs to the 57-route live menu set,selector/context or current option visibility; no interface request proved
fat-admin-explicit-filter-actions.json,Deposit/Withdrawal Approval,/risk-control/dw-audit,Withdrawal Channel Name,ERROR,STRICT_LOCATOR_PROBLEM,TARGETED_UI_RETRY_REQUIRED,first-pass explicit-action execution; page belongs to the 57-route live menu set,selector/context or current option visibility; no interface request proved
fat-admin-explicit-filter-actions.json,Temporary Restriction List,/risk-control/temporary-restriction-list,Enter keyword,SKIPPED_NOT_FILTER_CONTEXT,STRICT_LOCATOR_PROBLEM,TARGETED_UI_RETRY_REQUIRED,first-pass explicit-action execution; page belongs to the 57-route live menu set,selector/context or current option visibility; no interface request proved
fat-admin-explicit-filter-actions.json,Temporary Restriction List,/risk-control/temporary-restriction-list,Start date,SKIPPED_NOT_FILTER_CONTEXT,STRICT_LOCATOR_PROBLEM,TARGETED_UI_RETRY_REQUIRED,first-pass explicit-action execution; page belongs to the 57-route live menu set,selector/context or current option visibility; no interface request proved
fat-admin-explicit-filter-actions.json,Temporary Restriction List,/risk-control/temporary-restriction-list,End date,SKIPPED_NOT_FILTER_CONTEXT,STRICT_LOCATOR_PROBLEM,TARGETED_UI_RETRY_REQUIRED,first-pass explicit-action execution; page belongs to the 57-route live menu set,selector/context or current option visibility; no interface request proved
fat-admin-explicit-filter-actions.json,Temporary Restriction List,/risk-control/temporary-restriction-list,Page Size,SKIPPED_NOT_ACTIONABLE,STRICT_LOCATOR_PROBLEM,TARGETED_UI_RETRY_REQUIRED,first-pass explicit-action execution; page belongs to the 57-route live menu set,selector/context or current option visibility; no interface request proved
fat-admin-explicit-filter-actions.json,Temporary Restriction List,/risk-control/temporary-restriction-list,Mobile number,SKIPPED_NOT_FILTER_CONTEXT,STRICT_LOCATOR_PROBLEM,TARGETED_UI_RETRY_REQUIRED,first-pass explicit-action execution; page belongs to the 57-route live menu set,selector/context or current option visibility; no interface request proved
fat-admin-explicit-filter-actions.json,Temporary Restriction List,/risk-control/temporary-restriction-list,Please select,SKIPPED_NOT_FILTER_CONTEXT,STRICT_LOCATOR_PROBLEM,TARGETED_UI_RETRY_REQUIRED,first-pass explicit-action execution; page belongs to the 57-route live menu set,selector/context or current option visibility; no interface request proved
fat-admin-explicit-filter-actions.json,Temporary Restriction List,/risk-control/temporary-restriction-list,Page Size,SKIPPED_NOT_ACTIONABLE,STRICT_LOCATOR_PROBLEM,TARGETED_UI_RETRY_REQUIRED,first-pass explicit-action execution; page belongs to the 57-route live menu set,selector/context or current option visibility; no interface request proved
fat-admin-explicit-filter-actions.json,Channel Management,/promo-marketing/channels,Please enter,SKIPPED_NOT_FILTER_CONTEXT,STRICT_LOCATOR_PROBLEM,TARGETED_UI_RETRY_REQUIRED,first-pass explicit-action execution; page belongs to the 57-route live menu set,selector/context or current option visibility; no interface request proved
fat-admin-explicit-filter-actions.json,Channel Management,/promo-marketing/channels,checkbox,SKIPPED_NOT_ACTIONABLE,STRICT_LOCATOR_PROBLEM,TARGETED_UI_RETRY_REQUIRED,first-pass explicit-action execution; page belongs to the 57-route live menu set,selector/context or current option visibility; no interface request proved
fat-admin-explicit-filter-actions.json,Channel Management,/promo-marketing/channels,Select all,SKIPPED_NOT_ACTIONABLE,STRICT_LOCATOR_PROBLEM,TARGETED_UI_RETRY_REQUIRED,first-pass explicit-action execution; page belongs to the 57-route live menu set,selector/context or current option visibility; no interface request proved
fat-admin-explicit-filter-actions.json,Channel Management,/promo-marketing/channels,Page Size,SKIPPED_NOT_ACTIONABLE,STRICT_LOCATOR_PROBLEM,TARGETED_UI_RETRY_REQUIRED,first-pass explicit-action execution; page belongs to the 57-route live menu set,selector/context or current option visibility; no interface request proved
fat-admin-explicit-filter-actions.json,Channel Management,/promo-marketing/channels,Page,SKIPPED_NOT_ACTIONABLE,STRICT_LOCATOR_PROBLEM,TARGETED_UI_RETRY_REQUIRED,first-pass explicit-action execution; page belongs to the 57-route live menu set,selector/context or current option visibility; no interface request proved
fat-admin-explicit-filter-actions.json,Channel Management,/promo-marketing/channels,Page Size,SKIPPED_NOT_ACTIONABLE,STRICT_LOCATOR_PROBLEM,TARGETED_UI_RETRY_REQUIRED,first-pass explicit-action execution; page belongs to the 57-route live menu set,selector/context or current option visibility; no interface request proved
fat-admin-explicit-filter-actions.json,Promo Marketing Report,/promo-marketing/statistical-reports,Start Time,SKIPPED_NOT_FILTER_CONTEXT,STRICT_LOCATOR_PROBLEM,TARGETED_UI_RETRY_REQUIRED,first-pass explicit-action execution; page belongs to the 57-route live menu set,selector/context or current option visibility; no interface request proved
fat-admin-explicit-filter-actions.json,Promo Marketing Report,/promo-marketing/statistical-reports,End Time,SKIPPED_NOT_FILTER_CONTEXT,STRICT_LOCATOR_PROBLEM,TARGETED_UI_RETRY_REQUIRED,first-pass explicit-action execution; page belongs to the 57-route live menu set,selector/context or current option visibility; no interface request proved
fat-admin-explicit-filter-actions.json,Promo Marketing Report,/promo-marketing/statistical-reports,"All
+ 0 ...",SKIPPED_NOT_ACTIONABLE,STRICT_LOCATOR_PROBLEM,TARGETED_UI_RETRY_REQUIRED,first-pass explicit-action execution; page belongs to the 57-route live menu set,selector/context or current option visibility; no interface request proved
fat-admin-explicit-filter-actions.json,Promo Marketing Report,/promo-marketing/statistical-reports,Please Select,SKIPPED_NOT_FILTER_CONTEXT,STRICT_LOCATOR_PROBLEM,TARGETED_UI_RETRY_REQUIRED,first-pass explicit-action execution; page belongs to the 57-route live menu set,selector/context or current option visibility; no interface request proved
fat-admin-explicit-filter-actions.json,Promo Marketing Effect,/promo-marketing/effect-evaluation,开始时间,SKIPPED_NOT_FILTER_CONTEXT,STRICT_LOCATOR_PROBLEM,TARGETED_UI_RETRY_REQUIRED,first-pass explicit-action execution; page belongs to the 57-route live menu set,selector/context or current option visibility; no interface request proved
fat-admin-explicit-filter-actions.json,Promo Marketing Effect,/promo-marketing/effect-evaluation,结束时间,SKIPPED_NOT_FILTER_CONTEXT,STRICT_LOCATOR_PROBLEM,TARGETED_UI_RETRY_REQUIRED,first-pass explicit-action execution; page belongs to the 57-route live menu set,selector/context or current option visibility; no interface request proved
fat-admin-explicit-filter-actions.json,Promo Marketing Effect,/promo-marketing/effect-evaluation,全部,SKIPPED_NOT_FILTER_CONTEXT,STRICT_LOCATOR_PROBLEM,TARGETED_UI_RETRY_REQUIRED,first-pass explicit-action execution; page belongs to the 57-route live menu set,selector/context or current option visibility; no interface request proved
fat-admin-explicit-filter-actions.json,Promo Marketing Effect,/promo-marketing/effect-evaluation,请选择,SKIPPED_NOT_FILTER_CONTEXT,STRICT_LOCATOR_PROBLEM,TARGETED_UI_RETRY_REQUIRED,first-pass explicit-action execution; page belongs to the 57-route live menu set,selector/context or current option visibility; no interface request proved
fat-admin-explicit-filter-actions.json,Register Daily Active,/promo-marketing/register-daily-active,开始时间,SKIPPED_NOT_FILTER_CONTEXT,STRICT_LOCATOR_PROBLEM,TARGETED_UI_RETRY_REQUIRED,first-pass explicit-action execution; page belongs to the 57-route live menu set,selector/context or current option visibility; no interface request proved
fat-admin-explicit-filter-actions.json,Register Daily Active,/promo-marketing/register-daily-active,结束时间,SKIPPED_NOT_FILTER_CONTEXT,STRICT_LOCATOR_PROBLEM,TARGETED_UI_RETRY_REQUIRED,first-pass explicit-action execution; page belongs to the 57-route live menu set,selector/context or current option visibility; no interface request proved
fat-admin-explicit-filter-actions.json,Register Daily Active,/promo-marketing/register-daily-active,全部,SKIPPED_NOT_FILTER_CONTEXT,STRICT_LOCATOR_PROBLEM,TARGETED_UI_RETRY_REQUIRED,first-pass explicit-action execution; page belongs to the 57-route live menu set,selector/context or current option visibility; no interface request proved
fat-admin-explicit-filter-actions.json,Register Daily Active,/promo-marketing/register-daily-active,请选择,SKIPPED_NOT_FILTER_CONTEXT,STRICT_LOCATOR_PROBLEM,TARGETED_UI_RETRY_REQUIRED,first-pass explicit-action execution; page belongs to the 57-route live menu set,selector/context or current option visibility; no interface request proved
fat-admin-explicit-filter-actions.json,Register Daily Active,/promo-marketing/register-daily-active,充值,SKIPPED_NOT_FILTER_CONTEXT,STRICT_LOCATOR_PROBLEM,TARGETED_UI_RETRY_REQUIRED,first-pass explicit-action execution; page belongs to the 57-route live menu set,selector/context or current option visibility; no interface request proved
fat-admin-explicit-filter-actions.json,First Deposit Daily Active Analysis,/promo-marketing/first-deposit-daily-active,Start Time,SKIPPED_NOT_FILTER_CONTEXT,STRICT_LOCATOR_PROBLEM,TARGETED_UI_RETRY_REQUIRED,first-pass explicit-action execution; page belongs to the 57-route live menu set,selector/context or current option visibility; no interface request proved
fat-admin-explicit-filter-actions.json,First Deposit Daily Active Analysis,/promo-marketing/first-deposit-daily-active,End Time,SKIPPED_NOT_FILTER_CONTEXT,STRICT_LOCATOR_PROBLEM,TARGETED_UI_RETRY_REQUIRED,first-pass explicit-action execution; page belongs to the 57-route live menu set,selector/context or current option visibility; no interface request proved
fat-admin-explicit-filter-actions.json,First Deposit Daily Active Analysis,/promo-marketing/first-deposit-daily-active,All,SKIPPED_NOT_FILTER_CONTEXT,STRICT_LOCATOR_PROBLEM,TARGETED_UI_RETRY_REQUIRED,first-pass explicit-action execution; page belongs to the 57-route live menu set,selector/context or current option visibility; no interface request proved
fat-admin-explicit-filter-actions.json,First Deposit Daily Active Analysis,/promo-marketing/first-deposit-daily-active,Please Select,SKIPPED_NOT_FILTER_CONTEXT,STRICT_LOCATOR_PROBLEM,TARGETED_UI_RETRY_REQUIRED,first-pass explicit-action execution; page belongs to the 57-route live menu set,selector/context or current option visibility; no interface request proved
fat-admin-explicit-filter-actions.json,Promo Data,/promo-marketing/promotion-data,请选择日期,SKIPPED_NOT_FILTER_CONTEXT,STRICT_LOCATOR_PROBLEM,TARGETED_UI_RETRY_REQUIRED,first-pass explicit-action execution; page belongs to the 57-route live menu set,selector/context or current option visibility; no interface request proved
fat-admin-explicit-filter-actions.json,Promo Data,/promo-marketing/promotion-data,Page Size,SKIPPED_NOT_ACTIONABLE,STRICT_LOCATOR_PROBLEM,TARGETED_UI_RETRY_REQUIRED,first-pass explicit-action execution; page belongs to the 57-route live menu set,selector/context or current option visibility; no interface request proved
fat-admin-explicit-filter-actions.json,Promo Data,/promo-marketing/promotion-data,Page,SKIPPED_NOT_ACTIONABLE,STRICT_LOCATOR_PROBLEM,TARGETED_UI_RETRY_REQUIRED,first-pass explicit-action execution; page belongs to the 57-route live menu set,selector/context or current option visibility; no interface request proved
fat-admin-explicit-filter-actions.json,Promo Data,/promo-marketing/promotion-data,unnamed select,SKIPPED_NOT_ACTIONABLE,STRICT_LOCATOR_PROBLEM,TARGETED_UI_RETRY_REQUIRED,first-pass explicit-action execution; page belongs to the 57-route live menu set,selector/context or current option visibility; no interface request proved
fat-admin-explicit-filter-actions.json,Promo Data,/promo-marketing/promotion-data,Please Select,SKIPPED_NOT_FILTER_CONTEXT,STRICT_LOCATOR_PROBLEM,TARGETED_UI_RETRY_REQUIRED,first-pass explicit-action execution; page belongs to the 57-route live menu set,selector/context or current option visibility; no interface request proved
fat-admin-explicit-filter-actions.json,Promo Data,/promo-marketing/promotion-data,Page Size,SKIPPED_NOT_ACTIONABLE,STRICT_LOCATOR_PROBLEM,TARGETED_UI_RETRY_REQUIRED,first-pass explicit-action execution; page belongs to the 57-route live menu set,selector/context or current option visibility; no interface request proved
fat-admin-explicit-filter-actions.json,Domain Management,/site-management/domain-management,Please enter,SKIPPED_NOT_FILTER_CONTEXT,STRICT_LOCATOR_PROBLEM,TARGETED_UI_RETRY_REQUIRED,first-pass explicit-action execution; page belongs to the 57-route live menu set,selector/context or current option visibility; no interface request proved
fat-admin-explicit-filter-actions.json,Domain Management,/site-management/domain-management,Page Size,SKIPPED_NOT_ACTIONABLE,STRICT_LOCATOR_PROBLEM,TARGETED_UI_RETRY_REQUIRED,first-pass explicit-action execution; page belongs to the 57-route live menu set,selector/context or current option visibility; no interface request proved
fat-admin-explicit-filter-actions.json,Domain Management,/site-management/domain-management,Please select,SKIPPED_NOT_FILTER_CONTEXT,STRICT_LOCATOR_PROBLEM,TARGETED_UI_RETRY_REQUIRED,first-pass explicit-action execution; page belongs to the 57-route live menu set,selector/context or current option visibility; no interface request proved
fat-admin-explicit-filter-actions.json,Domain Management,/site-management/domain-management,Page Size,SKIPPED_NOT_ACTIONABLE,STRICT_LOCATOR_PROBLEM,TARGETED_UI_RETRY_REQUIRED,first-pass explicit-action execution; page belongs to the 57-route live menu set,selector/context or current option visibility; no interface request proved
fat-admin-explicit-filter-actions.json,Venue Management,/gamev2/venue-settings,Name supports fuzzy search (within 100 characters),SKIPPED_NOT_ACTIONABLE,STRICT_LOCATOR_PROBLEM,TARGETED_UI_RETRY_REQUIRED,first-pass explicit-action execution; page belongs to the 57-route live menu set,selector/context or current option visibility; no interface request proved
fat-admin-explicit-filter-actions.json,Venue Management,/gamev2/venue-settings,Page Size,SKIPPED_NOT_ACTIONABLE,STRICT_LOCATOR_PROBLEM,TARGETED_UI_RETRY_REQUIRED,first-pass explicit-action execution; page belongs to the 57-route live menu set,selector/context or current option visibility; no interface request proved
fat-admin-explicit-filter-actions.json,Venue Management,/gamev2/venue-settings,Page Size,SKIPPED_NOT_ACTIONABLE,STRICT_LOCATOR_PROBLEM,TARGETED_UI_RETRY_REQUIRED,first-pass explicit-action execution; page belongs to the 57-route live menu set,selector/context or current option visibility; no interface request proved
fat-admin-explicit-filter-actions.json,Provider Management,/gamev2/manufacturer-management,Name supports fuzzy search (within 100 characters),SKIPPED_NOT_ACTIONABLE,STRICT_LOCATOR_PROBLEM,TARGETED_UI_RETRY_REQUIRED,first-pass explicit-action execution; page belongs to the 57-route live menu set,selector/context or current option visibility; no interface request proved
fat-admin-explicit-filter-actions.json,Provider Management,/gamev2/manufacturer-management,Page Size,SKIPPED_NOT_ACTIONABLE,STRICT_LOCATOR_PROBLEM,TARGETED_UI_RETRY_REQUIRED,first-pass explicit-action execution; page belongs to the 57-route live menu set,selector/context or current option visibility; no interface request proved
fat-admin-explicit-filter-actions.json,Provider Management,/gamev2/manufacturer-management,Page,SKIPPED_NOT_ACTIONABLE,STRICT_LOCATOR_PROBLEM,TARGETED_UI_RETRY_REQUIRED,first-pass explicit-action execution; page belongs to the 57-route live menu set,selector/context or current option visibility; no interface request proved
fat-admin-explicit-filter-actions.json,Provider Management,/gamev2/manufacturer-management,Page Size,SKIPPED_NOT_ACTIONABLE,STRICT_LOCATOR_PROBLEM,TARGETED_UI_RETRY_REQUIRED,first-pass explicit-action execution; page belongs to the 57-route live menu set,selector/context or current option visibility; no interface request proved
fat-admin-explicit-filter-actions.json,Game List Management,/gamev2/game-management,Select all,SKIPPED_NOT_ACTIONABLE,STRICT_LOCATOR_PROBLEM,TARGETED_UI_RETRY_REQUIRED,first-pass explicit-action execution; page belongs to the 57-route live menu set,selector/context or current option visibility; no interface request proved
fat-admin-explicit-filter-actions.json,Game List Management,/gamev2/game-management,checkbox,SKIPPED_NOT_ACTIONABLE,STRICT_LOCATOR_PROBLEM,TARGETED_UI_RETRY_REQUIRED,first-pass explicit-action execution; page belongs to the 57-route live menu set,selector/context or current option visibility; no interface request proved
fat-admin-explicit-filter-actions.json,Game List Management,/gamev2/game-management,Page Size,SKIPPED_NOT_ACTIONABLE,STRICT_LOCATOR_PROBLEM,TARGETED_UI_RETRY_REQUIRED,first-pass explicit-action execution; page belongs to the 57-route live menu set,selector/context or current option visibility; no interface request proved
fat-admin-explicit-filter-actions.json,Game List Management,/gamev2/game-management,Page,SKIPPED_NOT_ACTIONABLE,STRICT_LOCATOR_PROBLEM,TARGETED_UI_RETRY_REQUIRED,first-pass explicit-action execution; page belongs to the 57-route live menu set,selector/context or current option visibility; no interface request proved
fat-admin-explicit-filter-actions.json,Game List Management,/gamev2/game-management,Page Size,SKIPPED_NOT_ACTIONABLE,STRICT_LOCATOR_PROBLEM,TARGETED_UI_RETRY_REQUIRED,first-pass explicit-action execution; page belongs to the 57-route live menu set,selector/context or current option visibility; no interface request proved
fat-admin-explicit-filter-actions.json,FS 派发管理,/gamev2/freespin-grants,Page Size,SKIPPED_NOT_ACTIONABLE,STRICT_LOCATOR_PROBLEM,TARGETED_UI_RETRY_REQUIRED,first-pass explicit-action execution; page belongs to the 57-route live menu set,selector/context or current option visibility; no interface request proved
fat-admin-explicit-filter-actions.json,FS 派发管理,/gamev2/freespin-grants,Page Size,SKIPPED_NOT_ACTIONABLE,STRICT_LOCATOR_PROBLEM,TARGETED_UI_RETRY_REQUIRED,first-pass explicit-action execution; page belongs to the 57-route live menu set,selector/context or current option visibility; no interface request proved
fat-admin-explicit-filter-actions.json,Role Configuration,/system/role,Page Size,SKIPPED_NOT_ACTIONABLE,STRICT_LOCATOR_PROBLEM,TARGETED_UI_RETRY_REQUIRED,first-pass explicit-action execution; page belongs to the 57-route live menu set,selector/context or current option visibility; no interface request proved
fat-admin-explicit-filter-actions.json,Role Configuration,/system/role,Page Size,SKIPPED_NOT_ACTIONABLE,STRICT_LOCATOR_PROBLEM,TARGETED_UI_RETRY_REQUIRED,first-pass explicit-action execution; page belongs to the 57-route live menu set,selector/context or current option visibility; no interface request proved
fat-admin-explicit-filter-actions.json,Staff Configuration,/system/staff,Page Size,SKIPPED_NOT_ACTIONABLE,STRICT_LOCATOR_PROBLEM,TARGETED_UI_RETRY_REQUIRED,first-pass explicit-action execution; page belongs to the 57-route live menu set,selector/context or current option visibility; no interface request proved
fat-admin-explicit-filter-actions.json,Staff Configuration,/system/staff,Page,SKIPPED_NOT_ACTIONABLE,STRICT_LOCATOR_PROBLEM,TARGETED_UI_RETRY_REQUIRED,first-pass explicit-action execution; page belongs to the 57-route live menu set,selector/context or current option visibility; no interface request proved
fat-admin-explicit-filter-actions.json,Staff Configuration,/system/staff,Page Size,SKIPPED_NOT_ACTIONABLE,STRICT_LOCATOR_PROBLEM,TARGETED_UI_RETRY_REQUIRED,first-pass explicit-action execution; page belongs to the 57-route live menu set,selector/context or current option visibility; no interface request proved
fat-admin-explicit-filter-actions.json,SMS Verification Code,/system/sms-otp,Page Size,SKIPPED_NOT_ACTIONABLE,STRICT_LOCATOR_PROBLEM,TARGETED_UI_RETRY_REQUIRED,first-pass explicit-action execution; page belongs to the 57-route live menu set,selector/context or current option visibility; no interface request proved
fat-admin-explicit-filter-actions.json,SMS Verification Code,/system/sms-otp,Page Size,SKIPPED_NOT_ACTIONABLE,STRICT_LOCATOR_PROBLEM,TARGETED_UI_RETRY_REQUIRED,first-pass explicit-action execution; page belongs to the 57-route live menu set,selector/context or current option visibility; no interface request proved
fat-admin-explicit-filter-actions.json,Bet Order Monitoring,/system/order-monitor,Page Size,SKIPPED_NOT_ACTIONABLE,STRICT_LOCATOR_PROBLEM,TARGETED_UI_RETRY_REQUIRED,first-pass explicit-action execution; page belongs to the 57-route live menu set,selector/context or current option visibility; no interface request proved
fat-admin-explicit-filter-actions.json,Bet Order Monitoring,/system/order-monitor,Page,SKIPPED_NOT_ACTIONABLE,STRICT_LOCATOR_PROBLEM,TARGETED_UI_RETRY_REQUIRED,first-pass explicit-action execution; page belongs to the 57-route live menu set,selector/context or current option visibility; no interface request proved
fat-admin-explicit-filter-actions.json,Bet Order Monitoring,/system/order-monitor,Page Size,SKIPPED_NOT_ACTIONABLE,STRICT_LOCATOR_PROBLEM,TARGETED_UI_RETRY_REQUIRED,first-pass explicit-action execution; page belongs to the 57-route live menu set,selector/context or current option visibility; no interface request proved
fat-admin-explicit-reviewed-actions.json,VIP Config,/member-management/vip-config,Reward Flow,SKIPPED_NOT_ACTIONABLE,STRICT_LOCATOR_PROBLEM,TARGETED_UI_RETRY_REQUIRED,first-pass explicit-action execution; page belongs to the 57-route live menu set,selector/context or current option visibility; no interface request proved
fat-admin-explicit-reviewed-actions.json,VIP Config,/member-management/vip-config,XP Calculation,SKIPPED_NOT_ACTIONABLE,STRICT_LOCATOR_PROBLEM,TARGETED_UI_RETRY_REQUIRED,first-pass explicit-action execution; page belongs to the 57-route live menu set,selector/context or current option visibility; no interface request proved
fat-admin-explicit-reviewed-actions.json,VIP Rewards,/member-management/vip-rewards,Reward Flow,SKIPPED_NOT_ACTIONABLE,STRICT_LOCATOR_PROBLEM,TARGETED_UI_RETRY_REQUIRED,first-pass explicit-action execution; page belongs to the 57-route live menu set,selector/context or current option visibility; no interface request proved
fat-admin-explicit-reviewed-actions.json,VIP Check-in Log,/member-management/vip-checkin-log,Check-in Cycle,SKIPPED_NOT_ACTIONABLE,STRICT_LOCATOR_PROBLEM,TARGETED_UI_RETRY_REQUIRED,first-pass explicit-action execution; page belongs to the 57-route live menu set,selector/context or current option visibility; no interface request proved
fat-admin-explicit-reviewed-actions.json,Member Daily Stats,/report-management/member-daily-stats,数据导出,SKIPPED_NOT_ACTIONABLE,STRICT_LOCATOR_PROBLEM,TARGETED_UI_RETRY_REQUIRED,first-pass explicit-action execution; page belongs to the 57-route live menu set,selector/context or current option visibility; no interface request proved
fat-admin-explicit-reviewed-actions.json,Payment Channels,/payment/channel-ordersV2,添加存款渠道,SKIPPED_NOT_ACTIONABLE,STRICT_LOCATOR_PROBLEM,TARGETED_UI_RETRY_REQUIRED,first-pass explicit-action execution; page belongs to the 57-route live menu set,selector/context or current option visibility; no interface request proved
fat-admin-explicit-reviewed-actions.json,Ad Tracking/Buried Point,/operations/advertisement-tracking,Modify,SKIPPED_NOT_ACTIONABLE,STRICT_LOCATOR_PROBLEM,TARGETED_UI_RETRY_REQUIRED,first-pass explicit-action execution; page belongs to the 57-route live menu set,selector/context or current option visibility; no interface request proved
fat-admin-explicit-reviewed-actions.json,Friend Invite,/operations/friend-invite,Diagrams,SKIPPED_NOT_ACTIONABLE,STRICT_LOCATOR_PROBLEM,TARGETED_UI_RETRY_REQUIRED,first-pass explicit-action execution; page belongs to the 57-route live menu set,selector/context or current option visibility; no interface request proved
fat-admin-explicit-reviewed-actions.json,Friend Invite,/operations/friend-invite,Level Map,SKIPPED_NOT_ACTIONABLE,STRICT_LOCATOR_PROBLEM,TARGETED_UI_RETRY_REQUIRED,first-pass explicit-action execution; page belongs to the 57-route live menu set,selector/context or current option visibility; no interface request proved
fat-admin-explicit-reviewed-actions.json,Friend Invite,/operations/friend-invite,Settings,SKIPPED_NOT_ACTIONABLE,STRICT_LOCATOR_PROBLEM,TARGETED_UI_RETRY_REQUIRED,first-pass explicit-action execution; page belongs to the 57-route live menu set,selector/context or current option visibility; no interface request proved
fat-admin-explicit-reviewed-actions.json,Jackpot Board,/operations/jackpot-board,Settings,SKIPPED_NOT_ACTIONABLE,STRICT_LOCATOR_PROBLEM,TARGETED_UI_RETRY_REQUIRED,first-pass explicit-action execution; page belongs to the 57-route live menu set,selector/context or current option visibility; no interface request proved
fat-admin-explicit-reviewed-actions.json,Jackpot Board,/operations/jackpot-board,Exclusion & Privacy List,SKIPPED_NOT_ACTIONABLE,STRICT_LOCATOR_PROBLEM,TARGETED_UI_RETRY_REQUIRED,first-pass explicit-action execution; page belongs to the 57-route live menu set,selector/context or current option visibility; no interface request proved
fat-admin-explicit-reviewed-actions.json,Promo Marketing Effect,/promo-marketing/effect-evaluation,搜索,SKIPPED_NOT_ACTIONABLE,STRICT_LOCATOR_PROBLEM,TARGETED_UI_RETRY_REQUIRED,first-pass explicit-action execution; page belongs to the 57-route live menu set,selector/context or current option visibility; no interface request proved
fat-admin-explicit-reviewed-actions.json,Register Daily Active,/promo-marketing/register-daily-active,搜索,SKIPPED_NOT_ACTIONABLE,STRICT_LOCATOR_PROBLEM,TARGETED_UI_RETRY_REQUIRED,first-pass explicit-action execution; page belongs to the 57-route live menu set,selector/context or current option visibility; no interface request proved
fat-admin-write-action-status.csv,Home,/home,"On
Closed",BLOCKED_DATA_SCOPE,MISSING_LEGAL_DATA,KEEP_BLOCKED_UNTIL_CURRENT_RUN_OWNED_DATA_AND_RECOVERY_EXIST,fat-admin-write-form-probes.json + explicit action inventory,No current-run-created target with the required business state
fat-admin-write-action-status.csv,Member,/member-center/list,Add Member,BLOCKED_PREREQUISITE,MISSING_LEGAL_DATA,KEEP_BLOCKED_UNTIL_CURRENT_RUN_OWNED_DATA_AND_RECOVERY_EXIST,fat-admin-write-form-probes.json + explicit action inventory,Creation form requires additional valid fields/assets/approval or lacks a proven cleanup path
fat-admin-write-action-status.csv,Member,/member-center/list,Transfer,BLOCKED_DATA_SCOPE,MISSING_LEGAL_DATA,KEEP_BLOCKED_UNTIL_CURRENT_RUN_OWNED_DATA_AND_RECOVERY_EXIST,fat-admin-write-form-probes.json + explicit action inventory,No current-run-created target with the required business state
fat-admin-write-action-status.csv,Member,/member-center/list,Unblock,BLOCKED_DATA_SCOPE,MISSING_LEGAL_DATA,KEEP_BLOCKED_UNTIL_CURRENT_RUN_OWNED_DATA_AND_RECOVERY_EXIST,fat-admin-write-form-probes.json + explicit action inventory,No current-run-created target with the required business state
fat-admin-write-action-status.csv,Member,/member-center/list,Reset Password,BLOCKED_DATA_SCOPE,MISSING_LEGAL_DATA,KEEP_BLOCKED_UNTIL_CURRENT_RUN_OWNED_DATA_AND_RECOVERY_EXIST,fat-admin-write-form-probes.json + explicit action inventory,No current-run-created target with the required business state
fat-admin-write-action-status.csv,Member,/member-center/list,Convert to Agent,BLOCKED_DATA_SCOPE,MISSING_LEGAL_DATA,SUPERSEDED_BY_NEWER_EXECUTED_EVIDENCE,fat-admin-write-form-probes.json + explicit action inventory,No current-run-created target with the required business state
fat-admin-write-action-status.csv,Game Reports,/report-management/game-reports/list,Recalculate,BLOCKED_DATA_SCOPE,MISSING_LEGAL_DATA,KEEP_BLOCKED_UNTIL_CURRENT_RUN_OWNED_DATA_AND_RECOVERY_EXIST,fat-admin-write-form-probes.json + explicit action inventory,No current-run-created target with the required business state
fat-admin-write-action-status.csv,Game Type Reports,/report-management/game-types-report/list,Recalculate,BLOCKED_DATA_SCOPE,MISSING_LEGAL_DATA,KEEP_BLOCKED_UNTIL_CURRENT_RUN_OWNED_DATA_AND_RECOVERY_EXIST,fat-admin-write-form-probes.json + explicit action inventory,No current-run-created target with the required business state
fat-admin-write-action-status.csv,Game Platform Reports,/report-management/game-platform-report/list,Recalculate,BLOCKED_DATA_SCOPE,MISSING_LEGAL_DATA,KEEP_BLOCKED_UNTIL_CURRENT_RUN_OWNED_DATA_AND_RECOVERY_EXIST,fat-admin-write-form-probes.json + explicit action inventory,No current-run-created target with the required business state
fat-admin-write-action-status.csv,Member Daily Game Stats,/report-management/member-daily-game-stats,Reset Data,BLOCKED_DATA_SCOPE,MISSING_LEGAL_DATA,KEEP_BLOCKED_UNTIL_CURRENT_RUN_OWNED_DATA_AND_RECOVERY_EXIST,fat-admin-write-form-probes.json + explicit action inventory,No current-run-created target with the required business state
fat-admin-write-action-status.csv,Payment Channels,/payment/channel-ordersV2,"是
否",BLOCKED_DATA_SCOPE,MISSING_LEGAL_DATA,KEEP_BLOCKED_UNTIL_CURRENT_RUN_OWNED_DATA_AND_RECOVERY_EXIST,fat-admin-write-form-probes.json + explicit action inventory,No current-run-created target with the required business state
fat-admin-write-action-status.csv,Recharge Template,/operations/recharge-template,Add Template,BLOCKED_PREREQUISITE,MISSING_LEGAL_DATA,KEEP_BLOCKED_UNTIL_CURRENT_RUN_OWNED_DATA_AND_RECOVERY_EXIST,fat-admin-write-form-probes.json + explicit action inventory,Creation form requires additional valid fields/assets/approval or lacks a proven cleanup path
fat-admin-write-action-status.csv,Recharge Template,/operations/recharge-template,Edit,BLOCKED_DATA_SCOPE,MISSING_LEGAL_DATA,KEEP_BLOCKED_UNTIL_CURRENT_RUN_OWNED_DATA_AND_RECOVERY_EXIST,fat-admin-write-form-probes.json + explicit action inventory,No current-run-created target with the required business state
fat-admin-write-action-status.csv,Client Configuration,/operations/client-config,Add New,BLOCKED_PREREQUISITE,MISSING_LEGAL_DATA,KEEP_BLOCKED_UNTIL_CURRENT_RUN_OWNED_DATA_AND_RECOVERY_EXIST,fat-admin-write-form-probes.json + explicit action inventory,Creation form requires additional valid fields/assets/approval or lacks a proven cleanup path
fat-admin-write-action-status.csv,Client Configuration,/operations/client-config,"Online
Offline",BLOCKED_DATA_SCOPE,MISSING_LEGAL_DATA,KEEP_BLOCKED_UNTIL_CURRENT_RUN_OWNED_DATA_AND_RECOVERY_EXIST,fat-admin-write-form-probes.json + explicit action inventory,No current-run-created target with the required business state
fat-admin-write-action-status.csv,Client Configuration,/operations/client-config,Edit,BLOCKED_DATA_SCOPE,MISSING_LEGAL_DATA,KEEP_BLOCKED_UNTIL_CURRENT_RUN_OWNED_DATA_AND_RECOVERY_EXIST,fat-admin-write-form-probes.json + explicit action inventory,No current-run-created target with the required business state
fat-admin-write-action-status.csv,Material Management,/operations/material-management,Add,BLOCKED_PREREQUISITE,MISSING_LEGAL_DATA,KEEP_BLOCKED_UNTIL_CURRENT_RUN_OWNED_DATA_AND_RECOVERY_EXIST,fat-admin-write-form-probes.json + explicit action inventory,Creation form requires additional valid fields/assets/approval or lacks a proven cleanup path
fat-admin-write-action-status.csv,Material Management,/operations/material-management,Edit,BLOCKED_DATA_SCOPE,MISSING_LEGAL_DATA,KEEP_BLOCKED_UNTIL_CURRENT_RUN_OWNED_DATA_AND_RECOVERY_EXIST,fat-admin-write-form-probes.json + explicit action inventory,No current-run-created target with the required business state
fat-admin-write-action-status.csv,Material Management,/operations/material-management,Delete,BLOCKED_DATA_SCOPE,MISSING_LEGAL_DATA,KEEP_BLOCKED_UNTIL_CURRENT_RUN_OWNED_DATA_AND_RECOVERY_EXIST,fat-admin-write-form-probes.json + explicit action inventory,No current-run-created target with the required business state
fat-admin-write-action-status.csv,Market Management,/operations/mall-management,Add Product,BLOCKED_PREREQUISITE,MISSING_LEGAL_DATA,KEEP_BLOCKED_UNTIL_CURRENT_RUN_OWNED_DATA_AND_RECOVERY_EXIST,fat-admin-write-form-probes.json + explicit action inventory,Creation form requires additional valid fields/assets/approval or lacks a proven cleanup path
fat-admin-write-action-status.csv,Market Management,/operations/mall-management,Edit,BLOCKED_DATA_SCOPE,MISSING_LEGAL_DATA,KEEP_BLOCKED_UNTIL_CURRENT_RUN_OWNED_DATA_AND_RECOVERY_EXIST,fat-admin-write-form-probes.json + explicit action inventory,No current-run-created target with the required business state
fat-admin-write-action-status.csv,Promotion Spend Audit,/operations/activity-expenditure-audit,Manual Reissue,BLOCKED_DATA_SCOPE,MISSING_LEGAL_DATA,KEEP_BLOCKED_UNTIL_CURRENT_RUN_OWNED_DATA_AND_RECOVERY_EXIST,fat-admin-write-form-probes.json + explicit action inventory,No current-run-created target with the required business state
fat-admin-write-action-status.csv,Ad Tracking/Buried Point,/operations/advertisement-tracking,Add Ad,BLOCKED_PREREQUISITE,MISSING_LEGAL_DATA,KEEP_BLOCKED_UNTIL_CURRENT_RUN_OWNED_DATA_AND_RECOVERY_EXIST,fat-admin-write-form-probes.json + explicit action inventory,Creation form requires additional valid fields/assets/approval or lacks a proven cleanup path
fat-admin-write-action-status.csv,Message Templates,/operations/message-templates,Edit,BLOCKED_DATA_SCOPE,MISSING_LEGAL_DATA,KEEP_BLOCKED_UNTIL_CURRENT_RUN_OWNED_DATA_AND_RECOVERY_EXIST,fat-admin-write-form-probes.json + explicit action inventory,No current-run-created target with the required business state
fat-admin-write-action-status.csv,Member station message,/operations/in-site-message,Batch Send,BLOCKED_PREREQUISITE,MISSING_LEGAL_DATA,KEEP_BLOCKED_UNTIL_CURRENT_RUN_OWNED_DATA_AND_RECOVERY_EXIST,fat-admin-write-form-probes.json + explicit action inventory,Creation form requires additional valid fields/assets/approval or lacks a proven cleanup path
fat-admin-write-action-status.csv,Member station message,/operations/in-site-message,Cancel,BLOCKED_DATA_SCOPE,MISSING_LEGAL_DATA,KEEP_BLOCKED_UNTIL_CURRENT_RUN_OWNED_DATA_AND_RECOVERY_EXIST,fat-admin-write-form-probes.json + explicit action inventory,No current-run-created target with the required business state
fat-admin-write-action-status.csv,Marquee Management,/operations/marquee-management,"Enabled
Disabled",BLOCKED_DATA_SCOPE,MISSING_LEGAL_DATA,KEEP_BLOCKED_UNTIL_CURRENT_RUN_OWNED_DATA_AND_RECOVERY_EXIST,fat-admin-write-form-probes.json + explicit action inventory,No current-run-created target with the required business state
fat-admin-write-action-status.csv,Home Sections Config,/operations/home-sections,Save draft,BLOCKED_DATA_SCOPE,MISSING_LEGAL_DATA,KEEP_BLOCKED_UNTIL_CURRENT_RUN_OWNED_DATA_AND_RECOVERY_EXIST,fat-admin-write-form-probes.json + explicit action inventory,No current-run-created target with the required business state
fat-admin-write-action-status.csv,Home Sections Config,/operations/home-sections,Publish,BLOCKED_DATA_SCOPE,MISSING_LEGAL_DATA,KEEP_BLOCKED_UNTIL_CURRENT_RUN_OWNED_DATA_AND_RECOVERY_EXIST,fat-admin-write-form-probes.json + explicit action inventory,No current-run-created target with the required business state
fat-admin-write-action-status.csv,Home Sections Config,/operations/home-sections,"On
Off",BLOCKED_DATA_SCOPE,MISSING_LEGAL_DATA,KEEP_BLOCKED_UNTIL_CURRENT_RUN_OWNED_DATA_AND_RECOVERY_EXIST,fat-admin-write-form-probes.json + explicit action inventory,No current-run-created target with the required business state
fat-admin-write-action-status.csv,Home Sections Config,/operations/home-sections,Edit,BLOCKED_DATA_SCOPE,MISSING_LEGAL_DATA,KEEP_BLOCKED_UNTIL_CURRENT_RUN_OWNED_DATA_AND_RECOVERY_EXIST,fat-admin-write-form-probes.json + explicit action inventory,No current-run-created target with the required business state
fat-admin-write-action-status.csv,Home Sections Config,/operations/home-sections,Add custom section,BLOCKED_PREREQUISITE,MISSING_LEGAL_DATA,KEEP_BLOCKED_UNTIL_CURRENT_RUN_OWNED_DATA_AND_RECOVERY_EXIST,fat-admin-write-form-probes.json + explicit action inventory,Creation form requires additional valid fields/assets/approval or lacks a proven cleanup path
fat-admin-write-action-status.csv,Deposit/Withdrawal Approval,/risk-control/dw-audit,Manual Reissue,BLOCKED_DATA_SCOPE,MISSING_LEGAL_DATA,KEEP_BLOCKED_UNTIL_CURRENT_RUN_OWNED_DATA_AND_RECOVERY_EXIST,fat-admin-write-form-probes.json + explicit action inventory,No current-run-created target with the required business state
fat-admin-write-action-status.csv,Fund Transfer Record,/risk-control/up-down-score,Batch Credit Top-up,BLOCKED_DATA_SCOPE,MISSING_LEGAL_DATA,KEEP_BLOCKED_UNTIL_CURRENT_RUN_OWNED_DATA_AND_RECOVERY_EXIST,fat-admin-write-form-probes.json + explicit action inventory,No current-run-created target with the required business state
fat-admin-write-action-status.csv,Temporary Restriction List,/risk-control/temporary-restriction-list,Temporary withdrawal limit,BLOCKED_DATA_SCOPE,MISSING_LEGAL_DATA,KEEP_BLOCKED_UNTIL_CURRENT_RUN_OWNED_DATA_AND_RECOVERY_EXIST,fat-admin-write-form-probes.json + explicit action inventory,No current-run-created target with the required business state
fat-admin-write-action-status.csv,Channel Management,/promo-marketing/channels,Edit,BLOCKED_DATA_SCOPE,MISSING_LEGAL_DATA,KEEP_BLOCKED_UNTIL_CURRENT_RUN_OWNED_DATA_AND_RECOVERY_EXIST,fat-admin-write-form-probes.json + explicit action inventory,No current-run-created target with the required business state
fat-admin-write-action-status.csv,Channel Management,/promo-marketing/channels,Delete,BLOCKED_DATA_SCOPE,MISSING_LEGAL_DATA,KEEP_BLOCKED_UNTIL_CURRENT_RUN_OWNED_DATA_AND_RECOVERY_EXIST,fat-admin-write-form-probes.json + explicit action inventory,No current-run-created target with the required business state
fat-admin-write-action-status.csv,Channel Management,/promo-marketing/channels,Add to Group,BLOCKED_PREREQUISITE,MISSING_LEGAL_DATA,KEEP_BLOCKED_UNTIL_CURRENT_RUN_OWNED_DATA_AND_RECOVERY_EXIST,fat-admin-write-form-probes.json + explicit action inventory,Creation form requires additional valid fields/assets/approval or lacks a proven cleanup path
fat-admin-write-action-status.csv,Channel Management,/promo-marketing/channels,Set Exchange Rate,BLOCKED_DATA_SCOPE,MISSING_LEGAL_DATA,KEEP_BLOCKED_UNTIL_CURRENT_RUN_OWNED_DATA_AND_RECOVERY_EXIST,fat-admin-write-form-probes.json + explicit action inventory,No current-run-created target with the required business state
fat-admin-write-action-status.csv,Domain Management,/site-management/domain-management,Add Domain,BLOCKED_PREREQUISITE,MISSING_LEGAL_DATA,KEEP_BLOCKED_UNTIL_CURRENT_RUN_OWNED_DATA_AND_RECOVERY_EXIST,fat-admin-write-form-probes.json + explicit action inventory,Creation form requires additional valid fields/assets/approval or lacks a proven cleanup path
fat-admin-write-action-status.csv,Venue Management,/gamev2/venue-settings,Add Venue,BLOCKED_PREREQUISITE,MISSING_LEGAL_DATA,KEEP_BLOCKED_UNTIL_CURRENT_RUN_OWNED_DATA_AND_RECOVERY_EXIST,fat-admin-write-form-probes.json + explicit action inventory,Creation form requires additional valid fields/assets/approval or lacks a proven cleanup path
fat-admin-write-action-status.csv,Venue Management,/gamev2/venue-settings,Edit,BLOCKED_DATA_SCOPE,MISSING_LEGAL_DATA,KEEP_BLOCKED_UNTIL_CURRENT_RUN_OWNED_DATA_AND_RECOVERY_EXIST,fat-admin-write-form-probes.json + explicit action inventory,No current-run-created target with the required business state
fat-admin-write-action-status.csv,Provider Management,/gamev2/manufacturer-management,Add New Provider,BLOCKED_PREREQUISITE,MISSING_LEGAL_DATA,KEEP_BLOCKED_UNTIL_CURRENT_RUN_OWNED_DATA_AND_RECOVERY_EXIST,fat-admin-write-form-probes.json + explicit action inventory,Creation form requires additional valid fields/assets/approval or lacks a proven cleanup path
fat-admin-write-action-status.csv,Provider Management,/gamev2/manufacturer-management,Edit,BLOCKED_DATA_SCOPE,MISSING_LEGAL_DATA,KEEP_BLOCKED_UNTIL_CURRENT_RUN_OWNED_DATA_AND_RECOVERY_EXIST,fat-admin-write-form-probes.json + explicit action inventory,No current-run-created target with the required business state
fat-admin-write-action-status.csv,Game List Management,/gamev2/game-management,Batch Set Game Statu,BLOCKED_DATA_SCOPE,MISSING_LEGAL_DATA,KEEP_BLOCKED_UNTIL_CURRENT_RUN_OWNED_DATA_AND_RECOVERY_EXIST,fat-admin-write-form-probes.json + explicit action inventory,No current-run-created target with the required business state
fat-admin-write-action-status.csv,Game List Management,/gamev2/game-management,Batch Set Sorting Tags,BLOCKED_DATA_SCOPE,MISSING_LEGAL_DATA,KEEP_BLOCKED_UNTIL_CURRENT_RUN_OWNED_DATA_AND_RECOVERY_EXIST,fat-admin-write-form-probes.json + explicit action inventory,No current-run-created target with the required business state
fat-admin-write-action-status.csv,Game List Management,/gamev2/game-management,Single new addition,BLOCKED_PREREQUISITE,MISSING_LEGAL_DATA,KEEP_BLOCKED_UNTIL_CURRENT_RUN_OWNED_DATA_AND_RECOVERY_EXIST,fat-admin-write-form-probes.json + explicit action inventory,Creation form requires additional valid fields/assets/approval or lacks a proven cleanup path
fat-admin-write-action-status.csv,Game List Management,/gamev2/game-management,Batch addition,BLOCKED_PREREQUISITE,MISSING_LEGAL_DATA,KEEP_BLOCKED_UNTIL_CURRENT_RUN_OWNED_DATA_AND_RECOVERY_EXIST,fat-admin-write-form-probes.json + explicit action inventory,Creation form requires additional valid fields/assets/approval or lacks a proven cleanup path
fat-admin-write-action-status.csv,Game List Management,/gamev2/game-management,"Enable
Closed",BLOCKED_DATA_SCOPE,MISSING_LEGAL_DATA,KEEP_BLOCKED_UNTIL_CURRENT_RUN_OWNED_DATA_AND_RECOVERY_EXIST,fat-admin-write-form-probes.json + explicit action inventory,No current-run-created target with the required business state
fat-admin-write-action-status.csv,Game List Management,/gamev2/game-management,Edit,BLOCKED_DATA_SCOPE,MISSING_LEGAL_DATA,KEEP_BLOCKED_UNTIL_CURRENT_RUN_OWNED_DATA_AND_RECOVERY_EXIST,fat-admin-write-form-probes.json + explicit action inventory,No current-run-created target with the required business state
fat-admin-write-action-status.csv,FS 派发管理,/gamev2/freespin-grants,Manual Grant,BLOCKED_DATA_SCOPE,MISSING_LEGAL_DATA,KEEP_BLOCKED_UNTIL_CURRENT_RUN_OWNED_DATA_AND_RECOVERY_EXIST,fat-admin-write-form-probes.json + explicit action inventory,No current-run-created target with the required business state
fat-admin-write-action-status.csv,FS 派发管理,/gamev2/freespin-grants,Batch Grant,BLOCKED_DATA_SCOPE,MISSING_LEGAL_DATA,KEEP_BLOCKED_UNTIL_CURRENT_RUN_OWNED_DATA_AND_RECOVERY_EXIST,fat-admin-write-form-probes.json + explicit action inventory,No current-run-created target with the required business state
fat-admin-write-action-status.csv,Role Configuration,/system/role,Add New,BLOCKED_PREREQUISITE,MISSING_LEGAL_DATA,KEEP_BLOCKED_UNTIL_CURRENT_RUN_OWNED_DATA_AND_RECOVERY_EXIST,fat-admin-write-form-probes.json + explicit action inventory,Creation form requires additional valid fields/assets/approval or lacks a proven cleanup path
fat-admin-write-action-status.csv,Role Configuration,/system/role,Edit,BLOCKED_DATA_SCOPE,MISSING_LEGAL_DATA,KEEP_BLOCKED_UNTIL_CURRENT_RUN_OWNED_DATA_AND_RECOVERY_EXIST,fat-admin-write-form-probes.json + explicit action inventory,No current-run-created target with the required business state
fat-admin-write-action-status.csv,Staff Configuration,/system/staff,Add Staff,BLOCKED_PREREQUISITE,MISSING_LEGAL_DATA,KEEP_BLOCKED_UNTIL_CURRENT_RUN_OWNED_DATA_AND_RECOVERY_EXIST,fat-admin-write-form-probes.json + explicit action inventory,Creation form requires additional valid fields/assets/approval or lacks a proven cleanup path
fat-admin-write-action-status.csv,Staff Configuration,/system/staff,Edit,BLOCKED_DATA_SCOPE,MISSING_LEGAL_DATA,KEEP_BLOCKED_UNTIL_CURRENT_RUN_OWNED_DATA_AND_RECOVERY_EXIST,fat-admin-write-form-probes.json + explicit action inventory,No current-run-created target with the required business state
fat-admin-write-action-status.csv,Staff Configuration,/system/staff,Disable,BLOCKED_DATA_SCOPE,MISSING_LEGAL_DATA,KEEP_BLOCKED_UNTIL_CURRENT_RUN_OWNED_DATA_AND_RECOVERY_EXIST,fat-admin-write-form-probes.json + explicit action inventory,No current-run-created target with the required business state
fat-admin-write-action-status.csv,Staff Configuration,/system/staff,Reset Password,BLOCKED_DATA_SCOPE,MISSING_LEGAL_DATA,KEEP_BLOCKED_UNTIL_CURRENT_RUN_OWNED_DATA_AND_RECOVERY_EXIST,fat-admin-write-form-probes.json + explicit action inventory,No current-run-created target with the required business state
fat-admin-write-action-status.csv,Staff Configuration,/system/staff,Reset Google Verification Code,BLOCKED_DATA_SCOPE,MISSING_LEGAL_DATA,KEEP_BLOCKED_UNTIL_CURRENT_RUN_OWNED_DATA_AND_RECOVERY_EXIST,fat-admin-write-form-probes.json + explicit action inventory,No current-run-created target with the required business state
fat-admin-write-action-status.csv,Whitelist,/whitelist/list,Add IP Pool,BLOCKED_PREREQUISITE,MISSING_LEGAL_DATA,KEEP_BLOCKED_UNTIL_CURRENT_RUN_OWNED_DATA_AND_RECOVERY_EXIST,fat-admin-write-form-probes.json + explicit action inventory,Creation form requires additional valid fields/assets/approval or lacks a proven cleanup path
