surface,top_menu,page_name,page_route,control_type,action_name,method,normalized_path,query_fields,path_fields,body_fields,header_fields,parameter_source,http_status,business_status,response_structure,auth_role,side_effect,before_state,after_state,original_category,original_name,original_source_file,classification,currently_used_by_ui,evidence,anomaly,blocked_scope
admin,Game,FS 派发管理,/gamev2/freespin-grants,tab,FS Grants,,,,,,,No request captured,,,unverified,FAT admin authenticated browser session; exact role/permission mapping pending,No mutation observed,Page loaded,No request captured,,,,DOCUMENTED_UNVERIFIED,CONTROL_PRESENT_NO_REQUEST,"fat-admin-explicit-read-actions.json execution status=CLICKED; exact selector {""role"": ""tab"", ""name"": ""FS Grants"", ""exact"": true}",,Click produced no XHR/fetch; navigation/DOM effect requires follow-up
admin,Game,FS 批量派发纪录,/gamev2/freespin-import-logs,tab,FS Batch Distribution Records,,,,,,,No request captured,,,unverified,FAT admin authenticated browser session; exact role/permission mapping pending,No mutation observed,Page loaded,No request captured,,,,DOCUMENTED_UNVERIFIED,CONTROL_PRESENT_NO_REQUEST,"fat-admin-explicit-read-actions.json execution status=CLICKED; exact selector {""role"": ""tab"", ""name"": ""FS Batch Distribution Records"", ""exact"": true}",,Click produced no XHR/fetch; navigation/DOM effect requires follow-up
admin,Game,Game List Management,/gamev2/game-management,pagination,2,POST,/admin/game/search,,,,"accept,accept-language,client-id,client-version,content-type,d,lang,referer,sec-ch-ua,sec-ch-ua-mobile,sec-ch-ua-platform,t,user-agent,x-device-id",Header: authenticated browser session/runtime,200,True,"object; keys=ids,list,page,page_size,s,t",FAT admin authenticated browser session; exact role/permission mapping pending,No mutation observed; registered low-risk interaction,Page reloaded and Network reached quiet state before action,Action response captured; no business mutation observed,admin/game,+游戏列表查询-owen-aliang,后台/game管理/游戏管理/+游戏列表查询-owen-aliang.bru,ACTIVE,YES,"fat-admin-explicit-read-actions.json Network events 1697; exact selector {""locator"": "".ant-pagination a, .ant-pagination button"", ""accessible_name"": ""2""}",,
admin,Game,Game List Management,/gamev2/game-management,pagination,287,POST,/admin/game/search,,,,"accept,accept-language,client-id,client-version,content-type,d,lang,referer,sec-ch-ua,sec-ch-ua-mobile,sec-ch-ua-platform,t,user-agent,x-device-id",Header: authenticated browser session/runtime,200,True,"object; keys=ids,list,page,page_size,s,t",FAT admin authenticated browser session; exact role/permission mapping pending,No mutation observed; registered low-risk interaction,Page reloaded and Network reached quiet state before action,Action response captured; no business mutation observed,admin/game,+游戏列表查询-owen-aliang,后台/game管理/游戏管理/+游戏列表查询-owen-aliang.bru,ACTIVE,YES,"fat-admin-explicit-read-actions.json Network events 1807; exact selector {""locator"": "".ant-pagination a, .ant-pagination button"", ""accessible_name"": ""287""}",,
admin,Game,Game List Management,/gamev2/game-management,pagination,3,POST,/admin/game/search,,,,"accept,accept-language,client-id,client-version,content-type,d,lang,referer,sec-ch-ua,sec-ch-ua-mobile,sec-ch-ua-platform,t,user-agent,x-device-id",Header: authenticated browser session/runtime,200,True,"object; keys=ids,list,page,page_size,s,t",FAT admin authenticated browser session; exact role/permission mapping pending,No mutation observed; registered low-risk interaction,Page reloaded and Network reached quiet state before action,Action response captured; no business mutation observed,admin/game,+游戏列表查询-owen-aliang,后台/game管理/游戏管理/+游戏列表查询-owen-aliang.bru,ACTIVE,YES,"fat-admin-explicit-read-actions.json Network events 1719; exact selector {""locator"": "".ant-pagination a, .ant-pagination button"", ""accessible_name"": ""3""}",,
admin,Game,Game List Management,/gamev2/game-management,pagination,4,POST,/admin/game/search,,,,"accept,accept-language,client-id,client-version,content-type,d,lang,referer,sec-ch-ua,sec-ch-ua-mobile,sec-ch-ua-platform,t,user-agent,x-device-id",Header: authenticated browser session/runtime,200,True,"object; keys=ids,list,page,page_size,s,t",FAT admin authenticated browser session; exact role/permission mapping pending,No mutation observed; registered low-risk interaction,Page reloaded and Network reached quiet state before action,Action response captured; no business mutation observed,admin/game,+游戏列表查询-owen-aliang,后台/game管理/游戏管理/+游戏列表查询-owen-aliang.bru,ACTIVE,YES,"fat-admin-explicit-read-actions.json Network events 1741; exact selector {""locator"": "".ant-pagination a, .ant-pagination button"", ""accessible_name"": ""4""}",,
admin,Game,Game List Management,/gamev2/game-management,pagination,5,POST,/admin/game/search,,,,"accept,accept-language,client-id,client-version,content-type,d,lang,referer,sec-ch-ua,sec-ch-ua-mobile,sec-ch-ua-platform,t,user-agent,x-device-id",Header: authenticated browser session/runtime,200,True,"object; keys=ids,list,page,page_size,s,t",FAT admin authenticated browser session; exact role/permission mapping pending,No mutation observed; registered low-risk interaction,Page reloaded and Network reached quiet state before action,Action response captured; no business mutation observed,admin/game,+游戏列表查询-owen-aliang,后台/game管理/游戏管理/+游戏列表查询-owen-aliang.bru,ACTIVE,YES,"fat-admin-explicit-read-actions.json Network events 1763; exact selector {""locator"": "".ant-pagination a, .ant-pagination button"", ""accessible_name"": ""5""}",,
admin,Game,Game List Management,/gamev2/game-management,pagination,•••,POST,/admin/game/search,,,,"accept,accept-language,client-id,client-version,content-type,d,lang,referer,sec-ch-ua,sec-ch-ua-mobile,sec-ch-ua-platform,t,user-agent,x-device-id",Header: authenticated browser session/runtime,200,True,"object; keys=ids,list,page,page_size,s,t",FAT admin authenticated browser session; exact role/permission mapping pending,No mutation observed; registered low-risk interaction,Page reloaded and Network reached quiet state before action,Action response captured; no business mutation observed,admin/game,+游戏列表查询-owen-aliang,后台/game管理/游戏管理/+游戏列表查询-owen-aliang.bru,ACTIVE,YES,"fat-admin-explicit-read-actions.json Network events 1785; exact selector {""locator"": "".ant-pagination a, .ant-pagination button"", ""accessible_name"": ""•••""}",,
admin,Game,Provider Management,/gamev2/manufacturer-management,pagination,2,POST,/admin/platform/search,,,,"accept,accept-language,client-id,client-version,content-type,d,lang,referer,sec-ch-ua,sec-ch-ua-mobile,sec-ch-ua-platform,t,user-agent,x-device-id",Header: authenticated browser session/runtime,200,True,"object; keys=list,page,page_size,s,t",FAT admin authenticated browser session; exact role/permission mapping pending,No mutation observed; registered low-risk interaction,Page reloaded and Network reached quiet state before action,Action response captured; no business mutation observed,admin/game,+查询厂商列表-owen,后台/game管理/厂商管理/+查询厂商列表-owen.bru,ACTIVE,YES,"fat-admin-explicit-read-actions.json Network events 1675; exact selector {""locator"": "".ant-pagination a, .ant-pagination button"", ""accessible_name"": ""2""}",,
admin,Logs,Logs,/logs/list,pagination,2,GET,/admin/log/list,"end_time,page,page_size,start_time",,,"accept,accept-language,client-id,client-version,d,lang,referer,sec-ch-ua,sec-ch-ua-mobile,sec-ch-ua-platform,t,user-agent,x-device-id",Query: current page filter/pagination; Header: authenticated browser session/runtime,200,True,"object; keys=d,s,t",FAT admin authenticated browser session; exact role/permission mapping pending,No mutation observed; registered low-risk interaction,Page reloaded and Network reached quiet state before action,Action response captured; no business mutation observed,admin/other,操作日志,代理管理后台/系统/操作日志.bru,ACTIVE,YES,"fat-admin-explicit-read-actions.json Network events 30; exact selector {""locator"": "".ant-pagination a, .ant-pagination button"", ""accessible_name"": ""2""}",,
admin,Logs,Logs,/logs/list,pagination,3,GET,/admin/log/list,"end_time,page,page_size,start_time",,,"accept,accept-language,client-id,client-version,d,lang,referer,sec-ch-ua,sec-ch-ua-mobile,sec-ch-ua-platform,t,user-agent,x-device-id",Query: current page filter/pagination; Header: authenticated browser session/runtime,200,True,"object; keys=d,s,t",FAT admin authenticated browser session; exact role/permission mapping pending,No mutation observed; registered low-risk interaction,Page reloaded and Network reached quiet state before action,Action response captured; no business mutation observed,admin/other,操作日志,代理管理后台/系统/操作日志.bru,ACTIVE,YES,"fat-admin-explicit-read-actions.json Network events 48; exact selector {""locator"": "".ant-pagination a, .ant-pagination button"", ""accessible_name"": ""3""}",,
admin,Logs,Logs,/logs/list,pagination,4,GET,/admin/log/list,"end_time,page,page_size,start_time",,,"accept,accept-language,client-id,client-version,d,lang,referer,sec-ch-ua,sec-ch-ua-mobile,sec-ch-ua-platform,t,user-agent,x-device-id",Query: current page filter/pagination; Header: authenticated browser session/runtime,200,True,"object; keys=d,s,t",FAT admin authenticated browser session; exact role/permission mapping pending,No mutation observed; registered low-risk interaction,Page reloaded and Network reached quiet state before action,Action response captured; no business mutation observed,admin/other,操作日志,代理管理后台/系统/操作日志.bru,ACTIVE,YES,"fat-admin-explicit-read-actions.json Network events 66; exact selector {""locator"": "".ant-pagination a, .ant-pagination button"", ""accessible_name"": ""4""}",,
admin,Logs,Logs,/logs/list,pagination,5,GET,/admin/log/list,"end_time,page,page_size,start_time",,,"accept,accept-language,client-id,client-version,d,lang,referer,sec-ch-ua,sec-ch-ua-mobile,sec-ch-ua-platform,t,user-agent,x-device-id",Query: current page filter/pagination; Header: authenticated browser session/runtime,200,True,"object; keys=d,s,t",FAT admin authenticated browser session; exact role/permission mapping pending,No mutation observed; registered low-risk interaction,Page reloaded and Network reached quiet state before action,Action response captured; no business mutation observed,admin/other,操作日志,代理管理后台/系统/操作日志.bru,ACTIVE,YES,"fat-admin-explicit-read-actions.json Network events 84; exact selector {""locator"": "".ant-pagination a, .ant-pagination button"", ""accessible_name"": ""5""}",,
admin,Logs,Logs,/logs/list,pagination,6,GET,/admin/log/list,"end_time,page,page_size,start_time",,,"accept,accept-language,client-id,client-version,d,lang,referer,sec-ch-ua,sec-ch-ua-mobile,sec-ch-ua-platform,t,user-agent,x-device-id",Query: current page filter/pagination; Header: authenticated browser session/runtime,200,True,"object; keys=d,s,t",FAT admin authenticated browser session; exact role/permission mapping pending,No mutation observed; registered low-risk interaction,Page reloaded and Network reached quiet state before action,Action response captured; no business mutation observed,admin/other,操作日志,代理管理后台/系统/操作日志.bru,ACTIVE,YES,"fat-admin-explicit-read-actions.json Network events 102; exact selector {""locator"": "".ant-pagination a, .ant-pagination button"", ""accessible_name"": ""6""}",,
admin,Operation Management,Promotion Spend Audit,/operations/activity-expenditure-audit,tab,Approved Bonus,GET,/admin/bonus/review/noneed/list,"created_end_at,created_start_at,page,page_size",,,"accept,accept-language,client-id,client-version,d,lang,referer,sec-ch-ua,sec-ch-ua-mobile,sec-ch-ua-platform,t,user-agent,x-device-id",Query: current page filter/pagination; Header: authenticated browser session/runtime,200,True,"object; keys=d,summary,t",FAT admin authenticated browser session; exact role/permission mapping pending,No mutation observed; registered low-risk interaction,Page reloaded and Network reached quiet state before action,Action response captured; no business mutation observed,admin/other,导出过审礼金列表 - felix.bru,后台/礼金/导出过审礼金列表 - felix.bru,ACTIVE,YES,"fat-admin-explicit-read-actions.json Network events 1271; exact selector {""role"": ""tab"", ""name"": ""Approved Bonus"", ""exact"": true}",,
admin,Operation Management,Promotion List,/operations/activity-list,tab,Limited-Time Event (Active),,,,,,,No request captured,,,unverified,FAT admin authenticated browser session; exact role/permission mapping pending,No mutation observed,Page loaded,No request captured,,,,DOCUMENTED_UNVERIFIED,CONTROL_PRESENT_NO_REQUEST,"fat-admin-explicit-read-actions.json execution status=CLICKED; exact selector {""role"": ""tab"", ""name"": ""Limited-Time Event (Active)"", ""exact"": true}",,Click produced no XHR/fetch; navigation/DOM effect requires follow-up
admin,Operation Management,Promotion List,/operations/activity-list,tab,Limited-Time Event (Expired),GET,/admin/promo/list,"page,page_size,state",,,"accept,accept-language,client-id,client-version,d,lang,referer,sec-ch-ua,sec-ch-ua-mobile,sec-ch-ua-platform,t,user-agent,x-device-id",Query: current page filter/pagination; Header: authenticated browser session/runtime,200,True,"object; keys=d,s,t,update_users",FAT admin authenticated browser session; exact role/permission mapping pending,No mutation observed; registered low-risk interaction,Page reloaded and Network reached quiet state before action,Action response captured; no business mutation observed,admin/promo,活动列表 - felix,后台/活动/活动列表 - felix.bru,ACTIVE,YES,"fat-admin-explicit-read-actions.json Network events 1234; exact selector {""role"": ""tab"", ""name"": ""Limited-Time Event (Expired)"", ""exact"": true}",,
admin,Operation Management,Promotion List,/operations/activity-list,tab,Limited-Time Event (Expired),POST,/admin/user/list,,,"page,page_size","accept,accept-language,client-id,client-version,content-type,d,lang,referer,sec-ch-ua,sec-ch-ua-mobile,sec-ch-ua-platform,t,user-agent,x-device-id",Body: current page form/filter and UI defaults; Header: authenticated browser session/runtime,200,True,"object; keys=d,t",FAT admin authenticated browser session; exact role/permission mapping pending,No mutation observed; registered low-risk interaction,Page reloaded and Network reached quiet state before action,Action response captured; no business mutation observed,,,,UNDOCUMENTED_ACTIVE,YES,"fat-admin-explicit-read-actions.json Network events 1233; exact selector {""role"": ""tab"", ""name"": ""Limited-Time Event (Expired)"", ""exact"": true}",,
admin,Operation Management,Promotion List,/operations/activity-list,tab,VIP Task Center,POST,/admin/promo/task/list,,,,"accept,accept-language,client-id,client-version,content-type,d,lang,referer,sec-ch-ua,sec-ch-ua-mobile,sec-ch-ua-platform,t,user-agent,x-device-id",Header: authenticated browser session/runtime,200,True,"object; keys=d,s,t",FAT admin authenticated browser session; exact role/permission mapping pending,No mutation observed; registered low-risk interaction,Page reloaded and Network reached quiet state before action,Action response captured; no business mutation observed,,,,UNDOCUMENTED_ACTIVE,YES,"fat-admin-explicit-read-actions.json Network events 1253; exact selector {""role"": ""tab"", ""name"": ""VIP Task Center"", ""exact"": true}",,
admin,Operation Management,Ad Tracking/Buried Point,/operations/advertisement-tracking,tab,Full-site Tracking,GET,/admin/buriedPoint/list,"page,page_size,ty",,,"accept,accept-language,client-id,client-version,d,lang,referer,sec-ch-ua,sec-ch-ua-mobile,sec-ch-ua-platform,t,user-agent,x-device-id",Query: current page filter/pagination; Header: authenticated browser session/runtime,200,True,"object; keys=d,s,t",FAT admin authenticated browser session; exact role/permission mapping pending,No mutation observed; registered low-risk interaction,Page reloaded and Network reached quiet state before action,Action response captured; no business mutation observed,admin/other,埋点列表-todo,后台/埋点/埋点列表-todo.bru,ACTIVE,YES,"fat-admin-explicit-read-actions.json Network events 1308; exact selector {""role"": ""tab"", ""name"": ""Full-site Tracking"", ""exact"": true}",,
admin,Operation Management,Ad Tracking/Buried Point,/operations/advertisement-tracking,tab,Specific Tracking Point,,,,,,,No request captured,,,unverified,FAT admin authenticated browser session; exact role/permission mapping pending,No mutation observed,Page loaded,No request captured,,,,DOCUMENTED_UNVERIFIED,CONTROL_PRESENT_NO_REQUEST,"fat-admin-explicit-read-actions.json execution status=CLICKED; exact selector {""role"": ""tab"", ""name"": ""Specific Tracking Point"", ""exact"": true}",,Click produced no XHR/fetch; navigation/DOM effect requires follow-up
admin,Operation Management,Client Configuration,/operations/client-config,tab,Compliance Switch,,,,,,,No request captured,,,unverified,FAT admin authenticated browser session; exact role/permission mapping pending,No mutation observed,Page loaded,No request captured,,,,DOCUMENTED_UNVERIFIED,CONTROL_PRESENT_NO_REQUEST,"fat-admin-explicit-read-actions.json execution status=CLICKED; exact selector {""role"": ""tab"", ""name"": ""Compliance Switch"", ""exact"": true}",,Click produced no XHR/fetch; navigation/DOM effect requires follow-up
admin,Operation Management,Client Configuration,/operations/client-config,tab,FAQ,,,,,,,No request captured,,,unverified,FAT admin authenticated browser session; exact role/permission mapping pending,No mutation observed,Page loaded,No request captured,,,,DOCUMENTED_UNVERIFIED,CONTROL_PRESENT_NO_REQUEST,"fat-admin-explicit-read-actions.json execution status=CLICKED; exact selector {""role"": ""tab"", ""name"": ""FAQ"", ""exact"": true}",,Click produced no XHR/fetch; navigation/DOM effect requires follow-up
admin,Operation Management,Client Configuration,/operations/client-config,tab,Privacy Policy,,,,,,,No request captured,,,unverified,FAT admin authenticated browser session; exact role/permission mapping pending,No mutation observed,Page loaded,No request captured,,,,DOCUMENTED_UNVERIFIED,CONTROL_PRESENT_NO_REQUEST,"fat-admin-explicit-read-actions.json execution status=CLICKED; exact selector {""role"": ""tab"", ""name"": ""Privacy Policy"", ""exact"": true}",,Click produced no XHR/fetch; navigation/DOM effect requires follow-up
admin,Operation Management,Client Configuration,/operations/client-config,tab,Shop Client,GET,/admin/shop/gs/list,"page,page_size",,,"accept,accept-language,client-id,client-version,d,lang,referer,sec-ch-ua,sec-ch-ua-mobile,sec-ch-ua-platform,t,user-agent,x-device-id",Query: current page filter/pagination; Header: authenticated browser session/runtime,200,True,object; keys=list,FAT admin authenticated browser session; exact role/permission mapping pending,No mutation observed; registered low-risk interaction,Page reloaded and Network reached quiet state before action,Action response captured; no business mutation observed,admin/other,门店列表,后台/运营管理/客户端管理/门店客户端/门店列表.bru,ACTIVE,YES,"fat-admin-explicit-read-actions.json Network events 921; exact selector {""role"": ""tab"", ""name"": ""Shop Client"", ""exact"": true}",,
admin,Operation Management,Client Configuration,/operations/client-config,tab,Terms of Services,,,,,,,No request captured,,,unverified,FAT admin authenticated browser session; exact role/permission mapping pending,No mutation observed,Page loaded,No request captured,,,,DOCUMENTED_UNVERIFIED,CONTROL_PRESENT_NO_REQUEST,"fat-admin-explicit-read-actions.json execution status=CLICKED; exact selector {""role"": ""tab"", ""name"": ""Terms of Services"", ""exact"": true}",,Click produced no XHR/fetch; navigation/DOM effect requires follow-up
admin,Operation Management,Client Configuration,/operations/client-config,tab,VIP,,,,,,,No request captured,,,unverified,FAT admin authenticated browser session; exact role/permission mapping pending,No mutation observed,Page loaded,No request captured,,,,DOCUMENTED_UNVERIFIED,CONTROL_PRESENT_NO_REQUEST,"fat-admin-explicit-read-actions.json execution status=CLICKED; exact selector {""role"": ""tab"", ""name"": ""VIP"", ""exact"": true}",,Click produced no XHR/fetch; navigation/DOM effect requires follow-up
admin,Operation Management,Client Configuration,/operations/client-config,tab,glife1,POST,/admin/banner/list,,,,"accept,accept-language,client-id,client-version,content-type,d,lang,referer,sec-ch-ua,sec-ch-ua-mobile,sec-ch-ua-platform,t,user-agent,x-device-id",Header: authenticated browser session/runtime,200,True,"object; keys=d,s,t",FAT admin authenticated browser session; exact role/permission mapping pending,No mutation observed; registered low-risk interaction,Page reloaded and Network reached quiet state before action,Action response captured; no business mutation observed,admin/other,轮播图列表,后台/轮播图-首页弹窗/轮播图列表.bru,ACTIVE,YES,"fat-admin-explicit-read-actions.json Network events 1020; exact selector {""role"": ""tab"", ""name"": ""glife1"", ""exact"": true}",,
admin,Operation Management,Client Configuration,/operations/client-config,tab,glife2,POST,/admin/banner/list,,,,"accept,accept-language,client-id,client-version,content-type,d,lang,referer,sec-ch-ua,sec-ch-ua-mobile,sec-ch-ua-platform,t,user-agent,x-device-id",Header: authenticated browser session/runtime,200,True,"object; keys=d,s,t",FAT admin authenticated browser session; exact role/permission mapping pending,No mutation observed; registered low-risk interaction,Page reloaded and Network reached quiet state before action,Action response captured; no business mutation observed,admin/other,轮播图列表,后台/轮播图-首页弹窗/轮播图列表.bru,ACTIVE,YES,"fat-admin-explicit-read-actions.json Network events 1040; exact selector {""role"": ""tab"", ""name"": ""glife2"", ""exact"": true}",,
admin,Operation Management,Client Configuration,/operations/client-config,tab,h5/app Filplay,POST,/admin/banner/list,,,,"accept,accept-language,client-id,client-version,content-type,d,lang,referer,sec-ch-ua,sec-ch-ua-mobile,sec-ch-ua-platform,t,user-agent,x-device-id",Header: authenticated browser session/runtime,200,True,"object; keys=d,s,t",FAT admin authenticated browser session; exact role/permission mapping pending,No mutation observed; registered low-risk interaction,Page reloaded and Network reached quiet state before action,Action response captured; no business mutation observed,admin/other,轮播图列表,后台/轮播图-首页弹窗/轮播图列表.bru,ACTIVE,YES,"fat-admin-explicit-read-actions.json Network events 1000; exact selector {""role"": ""tab"", ""name"": ""h5/app Filplay"", ""exact"": true}",,
admin,Operation Management,Client Configuration,/operations/client-config,tab,h5/app Filslots,POST,/admin/banner/list,,,,"accept,accept-language,client-id,client-version,content-type,d,lang,referer,sec-ch-ua,sec-ch-ua-mobile,sec-ch-ua-platform,t,user-agent,x-device-id",Header: authenticated browser session/runtime,200,True,"object; keys=d,s,t",FAT admin authenticated browser session; exact role/permission mapping pending,No mutation observed; registered low-risk interaction,Page reloaded and Network reached quiet state before action,Action response captured; no business mutation observed,admin/other,轮播图列表,后台/轮播图-首页弹窗/轮播图列表.bru,ACTIVE,YES,"fat-admin-explicit-read-actions.json Network events 980; exact selector {""role"": ""tab"", ""name"": ""h5/app Filslots"", ""exact"": true}",,
admin,Operation Management,Client Configuration,/operations/client-config,tab,h5/app Flibet,,,,,,,No request captured,,,unverified,FAT admin authenticated browser session; exact role/permission mapping pending,No mutation observed,Page loaded,No request captured,,,,DOCUMENTED_UNVERIFIED,CONTROL_PRESENT_NO_REQUEST,"fat-admin-explicit-read-actions.json execution status=CLICKED; exact selector {""role"": ""tab"", ""name"": ""h5/app Flibet"", ""exact"": true}",,Click produced no XHR/fetch; navigation/DOM effect requires follow-up
admin,Operation Management,Client Configuration,/operations/client-config,tab,h5/app Fligame,POST,/admin/banner/list,,,,"accept,accept-language,client-id,client-version,content-type,d,lang,referer,sec-ch-ua,sec-ch-ua-mobile,sec-ch-ua-platform,t,user-agent,x-device-id",Header: authenticated browser session/runtime,200,True,"object; keys=d,s,t",FAT admin authenticated browser session; exact role/permission mapping pending,No mutation observed; registered low-risk interaction,Page reloaded and Network reached quiet state before action,Action response captured; no business mutation observed,admin/other,轮播图列表,后台/轮播图-首页弹窗/轮播图列表.bru,ACTIVE,YES,"fat-admin-explicit-read-actions.json Network events 960; exact selector {""role"": ""tab"", ""name"": ""h5/app Fligame"", ""exact"": true}",,
admin,Operation Management,Client Configuration,/operations/client-config,tab,lazada,POST,/admin/banner/list,,,,"accept,accept-language,client-id,client-version,content-type,d,lang,referer,sec-ch-ua,sec-ch-ua-mobile,sec-ch-ua-platform,t,user-agent,x-device-id",Header: authenticated browser session/runtime,200,True,"object; keys=d,s,t",FAT admin authenticated browser session; exact role/permission mapping pending,No mutation observed; registered low-risk interaction,Page reloaded and Network reached quiet state before action,Action response captured; no business mutation observed,admin/other,轮播图列表,后台/轮播图-首页弹窗/轮播图列表.bru,ACTIVE,YES,"fat-admin-explicit-read-actions.json Network events 1080; exact selector {""role"": ""tab"", ""name"": ""lazada"", ""exact"": true}",,
admin,Operation Management,Client Configuration,/operations/client-config,tab,maya,POST,/admin/banner/list,,,,"accept,accept-language,client-id,client-version,content-type,d,lang,referer,sec-ch-ua,sec-ch-ua-mobile,sec-ch-ua-platform,t,user-agent,x-device-id",Header: authenticated browser session/runtime,200,True,"object; keys=d,s,t",FAT admin authenticated browser session; exact role/permission mapping pending,No mutation observed; registered low-risk interaction,Page reloaded and Network reached quiet state before action,Action response captured; no business mutation observed,admin/other,轮播图列表,后台/轮播图-首页弹窗/轮播图列表.bru,ACTIVE,YES,"fat-admin-explicit-read-actions.json Network events 1060; exact selector {""role"": ""tab"", ""name"": ""maya"", ""exact"": true}",,
admin,Operation Management,Client Configuration,/operations/client-config,tab,pagor声明,POST,/admin/banner/list,,,,"accept,accept-language,client-id,client-version,content-type,d,lang,referer,sec-ch-ua,sec-ch-ua-mobile,sec-ch-ua-platform,t,user-agent,x-device-id",Header: authenticated browser session/runtime,200,True,"object; keys=d,s,t",FAT admin authenticated browser session; exact role/permission mapping pending,No mutation observed; registered low-risk interaction,Page reloaded and Network reached quiet state before action,Action response captured; no business mutation observed,admin/other,轮播图列表,后台/轮播图-首页弹窗/轮播图列表.bru,ACTIVE,YES,"fat-admin-explicit-read-actions.json Network events 730; exact selector {""role"": ""tab"", ""name"": ""pagor声明"", ""exact"": true}",,
admin,Operation Management,Client Configuration,/operations/client-config,tab,rewards(welfare),,,,,,,No request captured,,,unverified,FAT admin authenticated browser session; exact role/permission mapping pending,No mutation observed,Page loaded,No request captured,,,,DOCUMENTED_UNVERIFIED,CONTROL_PRESENT_NO_REQUEST,"fat-admin-explicit-read-actions.json execution status=CLICKED; exact selector {""role"": ""tab"", ""name"": ""rewards(welfare)"", ""exact"": true}",,Click produced no XHR/fetch; navigation/DOM effect requires follow-up
admin,Operation Management,Client Configuration,/operations/client-config,tab,三方登录开关,,,,,,,No request captured,,,unverified,FAT admin authenticated browser session; exact role/permission mapping pending,No mutation observed,Page loaded,No request captured,,,,DOCUMENTED_UNVERIFIED,CONTROL_PRESENT_NO_REQUEST,"fat-admin-explicit-read-actions.json execution status=CLICKED; exact selector {""role"": ""tab"", ""name"": ""三方登录开关"", ""exact"": true}",,Click produced no XHR/fetch; navigation/DOM effect requires follow-up
admin,Operation Management,Client Configuration,/operations/client-config,tab,中间banner,POST,/admin/banner/list,,,,"accept,accept-language,client-id,client-version,content-type,d,lang,referer,sec-ch-ua,sec-ch-ua-mobile,sec-ch-ua-platform,t,user-agent,x-device-id",Header: authenticated browser session/runtime,200,True,"object; keys=d,s,t",FAT admin authenticated browser session; exact role/permission mapping pending,No mutation observed; registered low-risk interaction,Page reloaded and Network reached quiet state before action,Action response captured; no business mutation observed,admin/other,轮播图列表,后台/轮播图-首页弹窗/轮播图列表.bru,ACTIVE,YES,"fat-admin-explicit-read-actions.json Network events 590; exact selector {""role"": ""tab"", ""name"": ""中间banner"", ""exact"": true}",,
admin,Operation Management,Client Configuration,/operations/client-config,tab,充值倍率设置,,,,,,,No request captured,,,unverified,FAT admin authenticated browser session; exact role/permission mapping pending,No mutation observed,Page loaded,No request captured,,,,DOCUMENTED_UNVERIFIED,CONTROL_PRESENT_NO_REQUEST,"fat-admin-explicit-read-actions.json execution status=CLICKED; exact selector {""role"": ""tab"", ""name"": ""充值倍率设置"", ""exact"": true}",,Click produced no XHR/fetch; navigation/DOM effect requires follow-up
admin,Operation Management,Client Configuration,/operations/client-config,tab,加载页banner,POST,/admin/banner/list,,,,"accept,accept-language,client-id,client-version,content-type,d,lang,referer,sec-ch-ua,sec-ch-ua-mobile,sec-ch-ua-platform,t,user-agent,x-device-id",Header: authenticated browser session/runtime,200,True,"object; keys=d,s,t",FAT admin authenticated browser session; exact role/permission mapping pending,No mutation observed; registered low-risk interaction,Page reloaded and Network reached quiet state before action,Action response captured; no business mutation observed,admin/other,轮播图列表,后台/轮播图-首页弹窗/轮播图列表.bru,ACTIVE,YES,"fat-admin-explicit-read-actions.json Network events 610; exact selector {""role"": ""tab"", ""name"": ""加载页banner"", ""exact"": true}",,
admin,Operation Management,Client Configuration,/operations/client-config,tab,底部公示,POST,/admin/banner/list,,,,"accept,accept-language,client-id,client-version,content-type,d,lang,referer,sec-ch-ua,sec-ch-ua-mobile,sec-ch-ua-platform,t,user-agent,x-device-id",Header: authenticated browser session/runtime,200,True,"object; keys=d,s,t",FAT admin authenticated browser session; exact role/permission mapping pending,No mutation observed; registered low-risk interaction,Page reloaded and Network reached quiet state before action,Action response captured; no business mutation observed,admin/other,轮播图列表,后台/轮播图-首页弹窗/轮播图列表.bru,ACTIVE,YES,"fat-admin-explicit-read-actions.json Network events 690; exact selector {""role"": ""tab"", ""name"": ""底部公示"", ""exact"": true}",,
admin,Operation Management,Client Configuration,/operations/client-config,tab,版本号管理,GET,/admin/client/version/list,"page,page_size",,,"accept,accept-language,client-id,client-version,d,lang,referer,sec-ch-ua,sec-ch-ua-mobile,sec-ch-ua-platform,t,user-agent,x-device-id",Query: current page filter/pagination; Header: authenticated browser session/runtime,200,True,"object; keys=d,t",FAT admin authenticated browser session; exact role/permission mapping pending,No mutation observed; registered low-risk interaction,Page reloaded and Network reached quiet state before action,Action response captured; no business mutation observed,admin/other,版本管理列表,后台/运营管理/客户端管理/版本号管理/版本管理列表.bru,ACTIVE,YES,"fat-admin-explicit-read-actions.json Network events 710; exact selector {""role"": ""tab"", ""name"": ""版本号管理"", ""exact"": true}",,
admin,Operation Management,Client Configuration,/operations/client-config,tab,登录素材,,,,,,,No request captured,,,unverified,FAT admin authenticated browser session; exact role/permission mapping pending,No mutation observed,Page loaded,No request captured,,,,DOCUMENTED_UNVERIFIED,CONTROL_PRESENT_NO_REQUEST,"fat-admin-explicit-read-actions.json execution status=CLICKED; exact selector {""role"": ""tab"", ""name"": ""登录素材"", ""exact"": true}",,Click produced no XHR/fetch; navigation/DOM effect requires follow-up
admin,Operation Management,Client Configuration,/operations/client-config,tab,站点logo,POST,/admin/banner/list,,,,"accept,accept-language,client-id,client-version,content-type,d,lang,referer,sec-ch-ua,sec-ch-ua-mobile,sec-ch-ua-platform,t,user-agent,x-device-id",Header: authenticated browser session/runtime,200,True,"object; keys=d,s,t",FAT admin authenticated browser session; exact role/permission mapping pending,No mutation observed; registered low-risk interaction,Page reloaded and Network reached quiet state before action,Action response captured; no business mutation observed,admin/other,轮播图列表,后台/轮播图-首页弹窗/轮播图列表.bru,ACTIVE,YES,"fat-admin-explicit-read-actions.json Network events 630; exact selector {""role"": ""tab"", ""name"": ""站点logo"", ""exact"": true}",,
admin,Operation Management,Client Configuration,/operations/client-config,tab,自媒体号,POST,/admin/banner/list,,,,"accept,accept-language,client-id,client-version,content-type,d,lang,referer,sec-ch-ua,sec-ch-ua-mobile,sec-ch-ua-platform,t,user-agent,x-device-id",Header: authenticated browser session/runtime,200,True,"object; keys=d,s,t",FAT admin authenticated browser session; exact role/permission mapping pending,No mutation observed; registered low-risk interaction,Page reloaded and Network reached quiet state before action,Action response captured; no business mutation observed,admin/other,轮播图列表,后台/轮播图-首页弹窗/轮播图列表.bru,ACTIVE,YES,"fat-admin-explicit-read-actions.json Network events 670; exact selector {""role"": ""tab"", ""name"": ""自媒体号"", ""exact"": true}",,
admin,Operation Management,Client Configuration,/operations/client-config,tab,顶部banner,,,,,,,No request captured,,,unverified,FAT admin authenticated browser session; exact role/permission mapping pending,No mutation observed,Page loaded,No request captured,,,,DOCUMENTED_UNVERIFIED,CONTROL_PRESENT_NO_REQUEST,"fat-admin-explicit-read-actions.json execution status=CLICKED; exact selector {""role"": ""tab"", ""name"": ""顶部banner"", ""exact"": true}",,Click produced no XHR/fetch; navigation/DOM effect requires follow-up
admin,Operation Management,Client Configuration,/operations/client-config,tab,首页弹窗,POST,/admin/banner/list,,,,"accept,accept-language,client-id,client-version,content-type,d,lang,referer,sec-ch-ua,sec-ch-ua-mobile,sec-ch-ua-platform,t,user-agent,x-device-id",Header: authenticated browser session/runtime,200,True,"object; keys=d,s,t",FAT admin authenticated browser session; exact role/permission mapping pending,No mutation observed; registered low-risk interaction,Page reloaded and Network reached quiet state before action,Action response captured; no business mutation observed,admin/other,轮播图列表,后台/轮播图-首页弹窗/轮播图列表.bru,ACTIVE,YES,"fat-admin-explicit-read-actions.json Network events 650; exact selector {""role"": ""tab"", ""name"": ""首页弹窗"", ""exact"": true}",,
admin,Operation Management,Daily Report,/operations/daily-reports,tab,Source Performance,,,,,,,No request captured,,,unverified,FAT admin authenticated browser session; exact role/permission mapping pending,No mutation observed,Page loaded,No request captured,,,,DOCUMENTED_UNVERIFIED,CONTROL_PRESENT_NO_REQUEST,"fat-admin-explicit-read-actions.json execution status=CLICKED; exact selector {""role"": ""tab"", ""name"": ""Source Performance"", ""exact"": true}",,Click produced no XHR/fetch; navigation/DOM effect requires follow-up
admin,Operation Management,Friend Invite,/operations/friend-invite,tab,Basic Reward,,,,,,,No request captured,,,unverified,FAT admin authenticated browser session; exact role/permission mapping pending,No mutation observed,Page loaded,No request captured,,,,DOCUMENTED_UNVERIFIED,CONTROL_PRESENT_NO_REQUEST,"fat-admin-explicit-read-actions.json execution status=SKIPPED_NOT_ACTIONABLE; exact selector {""role"": ""tab"", ""name"": ""Basic Reward"", ""exact"": true}",,Control was not actionable in the fresh page state
admin,Operation Management,Friend Invite,/operations/friend-invite,tab,Commission,,,,,,,No request captured,,,unverified,FAT admin authenticated browser session; exact role/permission mapping pending,No mutation observed,Page loaded,No request captured,,,,DOCUMENTED_UNVERIFIED,CONTROL_PRESENT_NO_REQUEST,"fat-admin-explicit-read-actions.json execution status=SKIPPED_NOT_ACTIONABLE; exact selector {""role"": ""tab"", ""name"": ""Commission"", ""exact"": true}",,Control was not actionable in the fresh page state
admin,Operation Management,Friend Invite,/operations/friend-invite,tab,Milestone,,,,,,,No request captured,,,unverified,FAT admin authenticated browser session; exact role/permission mapping pending,No mutation observed,Page loaded,No request captured,,,,DOCUMENTED_UNVERIFIED,CONTROL_PRESENT_NO_REQUEST,"fat-admin-explicit-read-actions.json execution status=SKIPPED_NOT_ACTIONABLE; exact selector {""role"": ""tab"", ""name"": ""Milestone"", ""exact"": true}",,Control was not actionable in the fresh page state
admin,Operation Management,Member station message,/operations/in-site-message,pagination,2,GET,/admin/message/list,"is_batch,page,page_size",,,"accept,accept-language,client-id,client-version,d,lang,referer,sec-ch-ua,sec-ch-ua-mobile,sec-ch-ua-platform,t,user-agent,x-device-id",Query: current page filter/pagination; Header: authenticated browser session/runtime,200,True,"object; keys=d,page,page_size,t",FAT admin authenticated browser session; exact role/permission mapping pending,No mutation observed; registered low-risk interaction,Page reloaded and Network reached quiet state before action,Action response captured; no business mutation observed,admin/other,已阅读名单-todo,后台/运营管理/站内信管理/已阅读名单-todo.bru,ACTIVE,YES,"fat-admin-explicit-read-actions.json Network events 1396; exact selector {""locator"": "".ant-pagination a, .ant-pagination button"", ""accessible_name"": ""2""}",,
admin,Operation Management,Member station message,/operations/in-site-message,pagination,3,GET,/admin/message/list,"is_batch,page,page_size",,,"accept,accept-language,client-id,client-version,d,lang,referer,sec-ch-ua,sec-ch-ua-mobile,sec-ch-ua-platform,t,user-agent,x-device-id",Query: current page filter/pagination; Header: authenticated browser session/runtime,200,True,"object; keys=d,page,page_size,t",FAT admin authenticated browser session; exact role/permission mapping pending,No mutation observed; registered low-risk interaction,Page reloaded and Network reached quiet state before action,Action response captured; no business mutation observed,admin/other,已阅读名单-todo,后台/运营管理/站内信管理/已阅读名单-todo.bru,ACTIVE,YES,"fat-admin-explicit-read-actions.json Network events 1414; exact selector {""locator"": "".ant-pagination a, .ant-pagination button"", ""accessible_name"": ""3""}",,
admin,Operation Management,Member station message,/operations/in-site-message,pagination,4,GET,/admin/message/list,"is_batch,page,page_size",,,"accept,accept-language,client-id,client-version,d,lang,referer,sec-ch-ua,sec-ch-ua-mobile,sec-ch-ua-platform,t,user-agent,x-device-id",Query: current page filter/pagination; Header: authenticated browser session/runtime,200,True,"object; keys=d,page,page_size,t",FAT admin authenticated browser session; exact role/permission mapping pending,No mutation observed; registered low-risk interaction,Page reloaded and Network reached quiet state before action,Action response captured; no business mutation observed,admin/other,已阅读名单-todo,后台/运营管理/站内信管理/已阅读名单-todo.bru,ACTIVE,YES,"fat-admin-explicit-read-actions.json Network events 1432; exact selector {""locator"": "".ant-pagination a, .ant-pagination button"", ""accessible_name"": ""4""}",,
admin,Operation Management,Member station message,/operations/in-site-message,tab,Batch Send Records,,,,,,,No request captured,,,unverified,FAT admin authenticated browser session; exact role/permission mapping pending,No mutation observed,Page loaded,No request captured,,,,DOCUMENTED_UNVERIFIED,CONTROL_PRESENT_NO_REQUEST,"fat-admin-explicit-read-actions.json execution status=CLICKED; exact selector {""role"": ""tab"", ""name"": ""Batch Send Records"", ""exact"": true}",,Click produced no XHR/fetch; navigation/DOM effect requires follow-up
admin,Operation Management,Member station message,/operations/in-site-message,tab,Single Send Record,GET,/admin/message/list,"is_batch,page,page_size",,,"accept,accept-language,client-id,client-version,d,lang,referer,sec-ch-ua,sec-ch-ua-mobile,sec-ch-ua-platform,t,user-agent,x-device-id",Query: current page filter/pagination; Header: authenticated browser session/runtime,200,True,"object; keys=d,page,page_size,t",FAT admin authenticated browser session; exact role/permission mapping pending,No mutation observed; registered low-risk interaction,Page reloaded and Network reached quiet state before action,Action response captured; no business mutation observed,admin/other,已阅读名单-todo,后台/运营管理/站内信管理/已阅读名单-todo.bru,ACTIVE,YES,"fat-admin-explicit-read-actions.json Network events 1378; exact selector {""role"": ""tab"", ""name"": ""Single Send Record"", ""exact"": true}",,
admin,Operation Management,Market Management,/operations/mall-management,pagination,2,GET,/admin/mall/goods/list,"page,page_size",,,"accept,accept-language,client-id,client-version,d,lang,referer,sec-ch-ua,sec-ch-ua-mobile,sec-ch-ua-platform,t,user-agent,x-device-id",Query: current page filter/pagination; Header: authenticated browser session/runtime,200,True,"object; keys=d,s,t",FAT admin authenticated browser session; exact role/permission mapping pending,No mutation observed; registered low-risk interaction,Page reloaded and Network reached quiet state before action,Action response captured; no business mutation observed,admin/other,获取产品列表-todo,后台/商城管理/获取产品列表-todo.bru,ACTIVE,YES,"fat-admin-explicit-read-actions.json Network events 1196; exact selector {""locator"": "".ant-pagination a, .ant-pagination button"", ""accessible_name"": ""2""}",,
admin,Operation Management,Market Management,/operations/mall-management,tab,Maeket Management,,,,,,,No request captured,,,unverified,FAT admin authenticated browser session; exact role/permission mapping pending,No mutation observed,Page loaded,No request captured,,,,DOCUMENTED_UNVERIFIED,CONTROL_PRESENT_NO_REQUEST,"fat-admin-explicit-read-actions.json execution status=CLICKED; exact selector {""role"": ""tab"", ""name"": ""Maeket Management"", ""exact"": true}",,Click produced no XHR/fetch; navigation/DOM effect requires follow-up
admin,Operation Management,Market Management,/operations/mall-management,tab,oken Transaction Summary,POST,/admin/finance/tokens/transaction/list,,,,"accept,accept-language,client-id,client-version,content-type,d,lang,referer,sec-ch-ua,sec-ch-ua-mobile,sec-ch-ua-platform,t,user-agent,x-device-id",Header: authenticated browser session/runtime,200,True,"object; keys=a,d,page,page_size,t",FAT admin authenticated browser session; exact role/permission mapping pending,No mutation observed; registered low-risk interaction,Page reloaded and Network reached quiet state before action,Action response captured; no business mutation observed,,,,UNDOCUMENTED_ACTIVE,YES,"fat-admin-explicit-read-actions.json Network events 1178; exact selector {""role"": ""tab"", ""name"": ""oken Transaction Summary"", ""exact"": true}",,
admin,Operation Management,Market Management,/operations/mall-management,tab,oken Transaction Summary,POST,/admin/promo/task/list,,,,"accept,accept-language,client-id,client-version,content-type,d,lang,referer,sec-ch-ua,sec-ch-ua-mobile,sec-ch-ua-platform,t,user-agent,x-device-id",Header: authenticated browser session/runtime,200,True,"object; keys=d,s,t",FAT admin authenticated browser session; exact role/permission mapping pending,No mutation observed; registered low-risk interaction,Page reloaded and Network reached quiet state before action,Action response captured; no business mutation observed,,,,UNDOCUMENTED_ACTIVE,YES,"fat-admin-explicit-read-actions.json Network events 1177; exact selector {""role"": ""tab"", ""name"": ""oken Transaction Summary"", ""exact"": true}",,
admin,Operation Management,Material Management,/operations/material-management,pagination,2,POST,/admin/ad/material/list,,,,"accept,accept-language,client-id,client-version,content-type,d,lang,referer,sec-ch-ua,sec-ch-ua-mobile,sec-ch-ua-platform,t,user-agent,x-device-id",Header: authenticated browser session/runtime,200,,unknown,FAT admin authenticated browser session; exact role/permission mapping pending,No mutation observed; registered low-risk interaction,Page reloaded and Network reached quiet state before action,Action response captured; no business mutation observed,admin/other,素材列表,后台/运营管理/客户端管理/素材管理/素材列表.bru,ACTIVE,YES,"fat-admin-explicit-read-actions.json Network events 1100; exact selector {""locator"": "".ant-pagination a, .ant-pagination button"", ""accessible_name"": ""2""}",,
admin,Operation Management,Material Management,/operations/material-management,pagination,3,GET,/admin/ad/material/platform/menu,,,,"accept,accept-language,client-id,client-version,d,lang,referer,sec-ch-ua,sec-ch-ua-mobile,sec-ch-ua-platform,t,user-agent,x-device-id",Header: authenticated browser session/runtime,200,True,list,FAT admin authenticated browser session; exact role/permission mapping pending,No mutation observed; registered low-risk interaction,Page reloaded and Network reached quiet state before action,Action response captured; no business mutation observed,admin/other,素材管理支持的平台枚举,后台/运营管理/客户端管理/素材管理/素材管理支持的平台枚举.bru,ACTIVE,YES,"fat-admin-explicit-read-actions.json Network events 1121; exact selector {""locator"": "".ant-pagination a, .ant-pagination button"", ""accessible_name"": ""3""}",,
admin,Operation Management,Material Management,/operations/material-management,pagination,3,POST,/admin/ad/material/list,,,,"accept,accept-language,client-id,client-version,content-type,d,lang,referer,sec-ch-ua,sec-ch-ua-mobile,sec-ch-ua-platform,t,user-agent,x-device-id",Header: authenticated browser session/runtime,200,True,"object; keys=d,s,t",FAT admin authenticated browser session; exact role/permission mapping pending,No mutation observed; registered low-risk interaction,Page reloaded and Network reached quiet state before action,Action response captured; no business mutation observed,admin/other,素材列表,后台/运营管理/客户端管理/素材管理/素材列表.bru,ACTIVE,YES,"fat-admin-explicit-read-actions.json Network events 1120; exact selector {""locator"": "".ant-pagination a, .ant-pagination button"", ""accessible_name"": ""3""}",,
admin,Operation Management,Material Management,/operations/material-management,pagination,4,GET,/admin/ad/material/platform/menu,,,,"accept,accept-language,client-id,client-version,d,lang,referer,sec-ch-ua,sec-ch-ua-mobile,sec-ch-ua-platform,t,user-agent,x-device-id",Header: authenticated browser session/runtime,200,True,list,FAT admin authenticated browser session; exact role/permission mapping pending,No mutation observed; registered low-risk interaction,Page reloaded and Network reached quiet state before action,Action response captured; no business mutation observed,admin/other,素材管理支持的平台枚举,后台/运营管理/客户端管理/素材管理/素材管理支持的平台枚举.bru,ACTIVE,YES,"fat-admin-explicit-read-actions.json Network events 1142; exact selector {""locator"": "".ant-pagination a, .ant-pagination button"", ""accessible_name"": ""4""}",,
admin,Operation Management,Material Management,/operations/material-management,pagination,4,POST,/admin/ad/material/list,,,,"accept,accept-language,client-id,client-version,content-type,d,lang,referer,sec-ch-ua,sec-ch-ua-mobile,sec-ch-ua-platform,t,user-agent,x-device-id",Header: authenticated browser session/runtime,200,True,"object; keys=d,s,t",FAT admin authenticated browser session; exact role/permission mapping pending,No mutation observed; registered low-risk interaction,Page reloaded and Network reached quiet state before action,Action response captured; no business mutation observed,admin/other,素材列表,后台/运营管理/客户端管理/素材管理/素材列表.bru,ACTIVE,YES,"fat-admin-explicit-read-actions.json Network events 1141; exact selector {""locator"": "".ant-pagination a, .ant-pagination button"", ""accessible_name"": ""4""}",,
admin,Operation Management,Message Templates,/operations/message-templates,pagination,2,GET,/admin/message/templates/list,"page,page_size",,,"accept,accept-language,client-id,client-version,d,lang,referer,sec-ch-ua,sec-ch-ua-mobile,sec-ch-ua-platform,t,user-agent,x-device-id",Query: current page filter/pagination; Header: authenticated browser session/runtime,200,True,"object; keys=d,s,t",FAT admin authenticated browser session; exact role/permission mapping pending,No mutation observed; registered low-risk interaction,Page reloaded and Network reached quiet state before action,Action response captured; no business mutation observed,admin/other,获取消息模板列表-todo,后台/运营管理/消息模板/获取消息模板列表-todo.bru,ACTIVE,YES,"fat-admin-explicit-read-actions.json Network events 1343; exact selector {""locator"": "".ant-pagination a, .ant-pagination button"", ""accessible_name"": ""2""}",,
admin,Operation Management,Message Templates,/operations/message-templates,tab,System Message Template,,,,,,,No request captured,,,unverified,FAT admin authenticated browser session; exact role/permission mapping pending,No mutation observed,Page loaded,No request captured,,,,DOCUMENTED_UNVERIFIED,CONTROL_PRESENT_NO_REQUEST,"fat-admin-explicit-read-actions.json execution status=CLICKED; exact selector {""role"": ""tab"", ""name"": ""System Message Template"", ""exact"": true}",,Click produced no XHR/fetch; navigation/DOM effect requires follow-up
admin,Finance Management,Bet Management,/payment/betting-slip/list,tab,ALL,,,,,,,No request captured,,,unverified,FAT admin authenticated browser session; exact role/permission mapping pending,No mutation observed,Page loaded,No request captured,,,,DOCUMENTED_UNVERIFIED,CONTROL_PRESENT_NO_REQUEST,"fat-admin-explicit-read-actions.json execution status=SKIPPED_NOT_ACTIONABLE; exact selector {""role"": ""tab"", ""name"": ""ALL"", ""exact"": true}",,Control was not actionable in the fresh page state
admin,Finance Management,Bet Management,/payment/betting-slip/list,tab,Fishing,POST,/admin/record/bet,,,,"accept,accept-language,client-id,client-version,content-type,d,lang,referer,sec-ch-ua,sec-ch-ua-mobile,sec-ch-ua-platform,t,user-agent,x-device-id",Header: authenticated browser session/runtime,200,True,"object; keys=a,d,fd,s,t",FAT admin authenticated browser session; exact role/permission mapping pending,No mutation observed; registered low-risk interaction,Page reloaded and Network reached quiet state before action,Action response captured; no business mutation observed,admin/finance,游戏记录-wesley,后台/财务管理/注单管理/游戏记录-wesley.bru,ACTIVE,YES,"fat-admin-explicit-read-actions.json Network events 302; exact selector {""role"": ""tab"", ""name"": ""Fishing"", ""exact"": true}",,
admin,Finance Management,Bet Management,/payment/betting-slip/list,tab,Live Casino,POST,/admin/record/bet,,,,"accept,accept-language,client-id,client-version,content-type,d,lang,referer,sec-ch-ua,sec-ch-ua-mobile,sec-ch-ua-platform,t,user-agent,x-device-id",Header: authenticated browser session/runtime,200,True,"object; keys=a,d,fd,s,t",FAT admin authenticated browser session; exact role/permission mapping pending,No mutation observed; registered low-risk interaction,Page reloaded and Network reached quiet state before action,Action response captured; no business mutation observed,admin/finance,游戏记录-wesley,后台/财务管理/注单管理/游戏记录-wesley.bru,ACTIVE,YES,"fat-admin-explicit-read-actions.json Network events 284; exact selector {""role"": ""tab"", ""name"": ""Live Casino"", ""exact"": true}",,
admin,Finance Management,Bet Management,/payment/betting-slip/list,tab,Lottery,POST,/admin/record/bet,,,,"accept,accept-language,client-id,client-version,content-type,d,lang,referer,sec-ch-ua,sec-ch-ua-mobile,sec-ch-ua-platform,t,user-agent,x-device-id",Header: authenticated browser session/runtime,200,True,"object; keys=a,d,fd,s,t",FAT admin authenticated browser session; exact role/permission mapping pending,No mutation observed; registered low-risk interaction,Page reloaded and Network reached quiet state before action,Action response captured; no business mutation observed,admin/finance,游戏记录-wesley,后台/财务管理/注单管理/游戏记录-wesley.bru,ACTIVE,YES,"fat-admin-explicit-read-actions.json Network events 392; exact selector {""role"": ""tab"", ""name"": ""Lottery"", ""exact"": true}",,
admin,Finance Management,Bet Management,/payment/betting-slip/list,tab,Mini Games,POST,/admin/record/bet,,,,"accept,accept-language,client-id,client-version,content-type,d,lang,referer,sec-ch-ua,sec-ch-ua-mobile,sec-ch-ua-platform,t,user-agent,x-device-id",Header: authenticated browser session/runtime,200,True,"object; keys=a,d,fd,s,t",FAT admin authenticated browser session; exact role/permission mapping pending,No mutation observed; registered low-risk interaction,Page reloaded and Network reached quiet state before action,Action response captured; no business mutation observed,admin/finance,游戏记录-wesley,后台/财务管理/注单管理/游戏记录-wesley.bru,ACTIVE,YES,"fat-admin-explicit-read-actions.json Network events 374; exact selector {""role"": ""tab"", ""name"": ""Mini Games"", ""exact"": true}",,
admin,Finance Management,Bet Management,/payment/betting-slip/list,tab,Platform Bet Slip Management,,,,,,,No request captured,,,unverified,FAT admin authenticated browser session; exact role/permission mapping pending,No mutation observed,Page loaded,No request captured,,,,DOCUMENTED_UNVERIFIED,CONTROL_PRESENT_NO_REQUEST,"fat-admin-explicit-read-actions.json execution status=CLICKED; exact selector {""role"": ""tab"", ""name"": ""Platform Bet Slip Management"", ""exact"": true}",,Click produced no XHR/fetch; navigation/DOM effect requires follow-up
admin,Finance Management,Bet Management,/payment/betting-slip/list,tab,Slot,POST,/admin/record/bet,,,,"accept,accept-language,client-id,client-version,content-type,d,lang,referer,sec-ch-ua,sec-ch-ua-mobile,sec-ch-ua-platform,t,user-agent,x-device-id",Header: authenticated browser session/runtime,200,True,"object; keys=a,d,fd,s,t",FAT admin authenticated browser session; exact role/permission mapping pending,No mutation observed; registered low-risk interaction,Page reloaded and Network reached quiet state before action,Action response captured; no business mutation observed,admin/finance,游戏记录-wesley,后台/财务管理/注单管理/游戏记录-wesley.bru,ACTIVE,YES,"fat-admin-explicit-read-actions.json Network events 320; exact selector {""role"": ""tab"", ""name"": ""Slot"", ""exact"": true}",,
admin,Finance Management,Bet Management,/payment/betting-slip/list,tab,Sports,POST,/admin/record/bet,,,,"accept,accept-language,client-id,client-version,content-type,d,lang,referer,sec-ch-ua,sec-ch-ua-mobile,sec-ch-ua-platform,t,user-agent,x-device-id",Header: authenticated browser session/runtime,200,True,"object; keys=a,d,fd,s,t",FAT admin authenticated browser session; exact role/permission mapping pending,No mutation observed; registered low-risk interaction,Page reloaded and Network reached quiet state before action,Action response captured; no business mutation observed,admin/finance,游戏记录-wesley,后台/财务管理/注单管理/游戏记录-wesley.bru,ACTIVE,YES,"fat-admin-explicit-read-actions.json Network events 338; exact selector {""role"": ""tab"", ""name"": ""Sports"", ""exact"": true}",,
admin,Finance Management,Bet Management,/payment/betting-slip/list,tab,Table Games,POST,/admin/record/bet,,,,"accept,accept-language,client-id,client-version,content-type,d,lang,referer,sec-ch-ua,sec-ch-ua-mobile,sec-ch-ua-platform,t,user-agent,x-device-id",Header: authenticated browser session/runtime,200,True,"object; keys=a,d,fd,s,t",FAT admin authenticated browser session; exact role/permission mapping pending,No mutation observed; registered low-risk interaction,Page reloaded and Network reached quiet state before action,Action response captured; no business mutation observed,admin/finance,游戏记录-wesley,后台/财务管理/注单管理/游戏记录-wesley.bru,ACTIVE,YES,"fat-admin-explicit-read-actions.json Network events 356; exact selector {""role"": ""tab"", ""name"": ""Table Games"", ""exact"": true}",,
admin,Finance Management,Payment Channels,/payment/channel-ordersV2,tab,Deposit Channel Config,,,,,,,No request captured,,,unverified,FAT admin authenticated browser session; exact role/permission mapping pending,No mutation observed,Page loaded,No request captured,,,,DOCUMENTED_UNVERIFIED,CONTROL_PRESENT_NO_REQUEST,"fat-admin-explicit-read-actions.json execution status=CLICKED; exact selector {""role"": ""tab"", ""name"": ""Deposit Channel Config"", ""exact"": true}",,Click produced no XHR/fetch; navigation/DOM effect requires follow-up
admin,Finance Management,Payment Channels,/payment/channel-ordersV2,tab,Deposit Merchant Config,GET,/admin/finance/payment/channel/list,"mode,page,page_size",,,"accept,accept-language,client-id,client-version,d,lang,referer,sec-ch-ua,sec-ch-ua-mobile,sec-ch-ua-platform,t,user-agent,x-device-id",Query: current page filter/pagination; Header: authenticated browser session/runtime,200,True,"object; keys=d,s,t",FAT admin authenticated browser session; exact role/permission mapping pending,No mutation observed; registered low-risk interaction,Page reloaded and Network reached quiet state before action,Action response captured; no business mutation observed,admin/finance,支付渠道通道列表,后台/财务管理/支付渠道/支付渠道通道列表.bru,ACTIVE,YES,"fat-admin-explicit-read-actions.json Network events 444; exact selector {""role"": ""tab"", ""name"": ""Deposit Merchant Config"", ""exact"": true}",,
admin,Finance Management,Payment Channels,/payment/channel-ordersV2,tab,Withdrawal Channel Config,GET,/admin/finance/payment/platform/list,"mode,page,page_size",,,"accept,accept-language,client-id,client-version,d,lang,referer,sec-ch-ua,sec-ch-ua-mobile,sec-ch-ua-platform,t,user-agent,x-device-id",Query: current page filter/pagination; Header: authenticated browser session/runtime,200,True,"object; keys=d,s,t",FAT admin authenticated browser session; exact role/permission mapping pending,No mutation observed; registered low-risk interaction,Page reloaded and Network reached quiet state before action,Action response captured; no business mutation observed,admin/finance,支付平台列表,后台/财务管理/支付渠道/支付平台列表.bru,ACTIVE,YES,"fat-admin-explicit-read-actions.json Network events 462; exact selector {""role"": ""tab"", ""name"": ""Withdrawal Channel Config"", ""exact"": true}",,
admin,Finance Management,Payment Channels,/payment/channel-ordersV2,tab,提现商户配置,GET,/admin/finance/payment/channel/list,"mode,page,page_size",,,"accept,accept-language,client-id,client-version,d,lang,referer,sec-ch-ua,sec-ch-ua-mobile,sec-ch-ua-platform,t,user-agent,x-device-id",Query: current page filter/pagination; Header: authenticated browser session/runtime,200,True,"object; keys=d,s,t",FAT admin authenticated browser session; exact role/permission mapping pending,No mutation observed; registered low-risk interaction,Page reloaded and Network reached quiet state before action,Action response captured; no business mutation observed,admin/finance,支付渠道通道列表,后台/财务管理/支付渠道/支付渠道通道列表.bru,ACTIVE,YES,"fat-admin-explicit-read-actions.json Network events 480; exact selector {""role"": ""tab"", ""name"": ""提现商户配置"", ""exact"": true}",,
admin,Finance Management,Payment Channels,/payment/channel-ordersV2,tab,银行列表,GET,/admin/finance/payment/bank/list,"page,page_size",,,"accept,accept-language,client-id,client-version,d,lang,referer,sec-ch-ua,sec-ch-ua-mobile,sec-ch-ua-platform,t,user-agent,x-device-id",Query: current page filter/pagination; Header: authenticated browser session/runtime,200,True,"object; keys=d,s,t",FAT admin authenticated browser session; exact role/permission mapping pending,No mutation observed; registered low-risk interaction,Page reloaded and Network reached quiet state before action,Action response captured; no business mutation observed,admin/finance,银行卡列表,后台/财务管理/银行卡/银行卡列表.bru,ACTIVE,YES,"fat-admin-explicit-read-actions.json Network events 498; exact selector {""role"": ""tab"", ""name"": ""银行列表"", ""exact"": true}",,
admin,Finance Management,Recharge Card Order,/payment/recharge-card-orders/list,tab,Lazada Orders,,,,,,,No request captured,,,unverified,FAT admin authenticated browser session; exact role/permission mapping pending,No mutation observed,Page loaded,No request captured,,,,DOCUMENTED_UNVERIFIED,CONTROL_PRESENT_NO_REQUEST,"fat-admin-explicit-read-actions.json execution status=CLICKED; exact selector {""role"": ""tab"", ""name"": ""Lazada Orders"", ""exact"": true}",,Click produced no XHR/fetch; navigation/DOM effect requires follow-up
admin,Finance Management,Recharge Card Order,/payment/recharge-card-orders/list,tab,Token Mall Orders,GET,/admin/filcoin/order/list,"end_submit_at,page,page_size,start_submit_at",,,"accept,accept-language,client-id,client-version,d,lang,referer,sec-ch-ua,sec-ch-ua-mobile,sec-ch-ua-platform,t,user-agent,x-device-id",Query: current page filter/pagination; Header: authenticated browser session/runtime,200,True,"object; keys=list,sub,sum,total",FAT admin authenticated browser session; exact role/permission mapping pending,No mutation observed; registered low-risk interaction,Page reloaded and Network reached quiet state before action,Action response captured; no business mutation observed,admin/finance,代币商城订单列表-todo,后台/财务管理/代币商城订单/代币商城订单列表-todo.bru,ACTIVE,YES,"fat-admin-explicit-read-actions.json Network events 533; exact selector {""role"": ""tab"", ""name"": ""Token Mall Orders"", ""exact"": true}",,
admin,Promo Marketing,Channel Management,/promo-marketing/channels,pagination,2,GET,/admin/channel/manage/list,"page,page_size",,,"accept,accept-language,client-id,client-version,d,lang,referer,sec-ch-ua,sec-ch-ua-mobile,sec-ch-ua-platform,t,user-agent,x-device-id",Query: current page filter/pagination; Header: authenticated browser session/runtime,200,True,"object; keys=d,s,t",FAT admin authenticated browser session; exact role/permission mapping pending,No mutation observed; registered low-risk interaction,Page reloaded and Network reached quiet state before action,Action response captured; no business mutation observed,admin/other,渠道管理列表-todo,后台/运营管理/推广管理/渠道管理/渠道管理列表-todo.bru,ACTIVE,YES,"fat-admin-explicit-read-actions.json Network events 1597; exact selector {""locator"": "".ant-pagination a, .ant-pagination button"", ""accessible_name"": ""2""}",,
admin,Promo Marketing,Channel Management,/promo-marketing/channels,pagination,3,GET,/admin/channel/manage/list,"page,page_size",,,"accept,accept-language,client-id,client-version,d,lang,referer,sec-ch-ua,sec-ch-ua-mobile,sec-ch-ua-platform,t,user-agent,x-device-id",Query: current page filter/pagination; Header: authenticated browser session/runtime,200,True,"object; keys=d,s,t",FAT admin authenticated browser session; exact role/permission mapping pending,No mutation observed; registered low-risk interaction,Page reloaded and Network reached quiet state before action,Action response captured; no business mutation observed,admin/other,渠道管理列表-todo,后台/运营管理/推广管理/渠道管理/渠道管理列表-todo.bru,ACTIVE,YES,"fat-admin-explicit-read-actions.json Network events 1616; exact selector {""locator"": "".ant-pagination a, .ant-pagination button"", ""accessible_name"": ""3""}",,
admin,Promo Marketing,Promo Data,/promo-marketing/promotion-data,pagination,2,GET,/admin/channel/promoData/list,"day,page,page_size",,,"accept,accept-language,client-id,client-version,d,lang,referer,sec-ch-ua,sec-ch-ua-mobile,sec-ch-ua-platform,t,user-agent,x-device-id",Query: current page filter/pagination; Header: authenticated browser session/runtime,200,True,"object; keys=d,t",FAT admin authenticated browser session; exact role/permission mapping pending,No mutation observed; registered low-risk interaction,Page reloaded and Network reached quiet state before action,Action response captured; no business mutation observed,admin/promo,推广数据列表-todo,后台/运营管理/推广管理/推广数据/推广数据列表-todo.bru,ACTIVE,YES,"fat-admin-explicit-read-actions.json Network events 1636; exact selector {""locator"": "".ant-pagination a, .ant-pagination button"", ""accessible_name"": ""2""}",,
admin,Promo Marketing,Promo Data,/promo-marketing/promotion-data,pagination,3,GET,/admin/channel/promoData/list,"day,page,page_size",,,"accept,accept-language,client-id,client-version,d,lang,referer,sec-ch-ua,sec-ch-ua-mobile,sec-ch-ua-platform,t,user-agent,x-device-id",Query: current page filter/pagination; Header: authenticated browser session/runtime,200,True,"object; keys=d,t",FAT admin authenticated browser session; exact role/permission mapping pending,No mutation observed; registered low-risk interaction,Page reloaded and Network reached quiet state before action,Action response captured; no business mutation observed,admin/promo,推广数据列表-todo,后台/运营管理/推广管理/推广数据/推广数据列表-todo.bru,ACTIVE,YES,"fat-admin-explicit-read-actions.json Network events 1656; exact selector {""locator"": "".ant-pagination a, .ant-pagination button"", ""accessible_name"": ""3""}",,
admin,Report Management,Game Platform Reports,/report-management/game-platform-report/list,pagination,2,GET,/admin/reports/venue/node,"end_time,field,page,page_size,start_time",,,"accept,accept-language,client-id,client-version,d,lang,referer,sec-ch-ua,sec-ch-ua-mobile,sec-ch-ua-platform,t,user-agent,x-device-id",Query: current page filter/pagination; Header: authenticated browser session/runtime,200,True,"object; keys=a,d,s,t",FAT admin authenticated browser session; exact role/permission mapping pending,No mutation observed; registered low-risk interaction,Page reloaded and Network reached quiet state before action,Action response captured; no business mutation observed,admin/game,厂商线路报表,后台/报表/游戏平台报表/厂商线路报表.bru,ACTIVE,YES,"fat-admin-explicit-read-actions.json Network events 228; exact selector {""locator"": "".ant-pagination a, .ant-pagination button"", ""accessible_name"": ""2""}",,
admin,Report Management,Game Platform Reports,/report-management/game-platform-report/list,pagination,3,GET,/admin/reports/venue/node,"end_time,field,page,page_size,start_time",,,"accept,accept-language,client-id,client-version,d,lang,referer,sec-ch-ua,sec-ch-ua-mobile,sec-ch-ua-platform,t,user-agent,x-device-id",Query: current page filter/pagination; Header: authenticated browser session/runtime,200,True,"object; keys=a,d,s,t",FAT admin authenticated browser session; exact role/permission mapping pending,No mutation observed; registered low-risk interaction,Page reloaded and Network reached quiet state before action,Action response captured; no business mutation observed,admin/game,厂商线路报表,后台/报表/游戏平台报表/厂商线路报表.bru,ACTIVE,YES,"fat-admin-explicit-read-actions.json Network events 249; exact selector {""locator"": "".ant-pagination a, .ant-pagination button"", ""accessible_name"": ""3""}",,
admin,Report Management,Game Reports,/report-management/game-reports/list,pagination,2,GET,/admin/reports/game/node,"end_time,field,page,page_size,start_time",,,"accept,accept-language,client-id,client-version,d,lang,referer,sec-ch-ua,sec-ch-ua-mobile,sec-ch-ua-platform,t,user-agent,x-device-id",Query: current page filter/pagination; Header: authenticated browser session/runtime,200,True,"object; keys=a,d,s,t",FAT admin authenticated browser session; exact role/permission mapping pending,No mutation observed; registered low-risk interaction,Page reloaded and Network reached quiet state before action,Action response captured; no business mutation observed,admin/game,游戏线路报表,后台/报表/游戏报表/游戏线路报表.bru,ACTIVE,YES,"fat-admin-explicit-read-actions.json Network events 123; exact selector {""locator"": "".ant-pagination a, .ant-pagination button"", ""accessible_name"": ""2""}",,
admin,Report Management,Game Reports,/report-management/game-reports/list,pagination,3,GET,/admin/reports/game/node,"end_time,field,page,page_size,start_time",,,"accept,accept-language,client-id,client-version,d,lang,referer,sec-ch-ua,sec-ch-ua-mobile,sec-ch-ua-platform,t,user-agent,x-device-id",Query: current page filter/pagination; Header: authenticated browser session/runtime,200,True,"object; keys=a,d,s,t",FAT admin authenticated browser session; exact role/permission mapping pending,No mutation observed; registered low-risk interaction,Page reloaded and Network reached quiet state before action,Action response captured; no business mutation observed,admin/game,游戏线路报表,后台/报表/游戏报表/游戏线路报表.bru,ACTIVE,YES,"fat-admin-explicit-read-actions.json Network events 144; exact selector {""locator"": "".ant-pagination a, .ant-pagination button"", ""accessible_name"": ""3""}",,
admin,Report Management,Game Reports,/report-management/game-reports/list,pagination,4,GET,/admin/reports/game/node,"end_time,field,page,page_size,start_time",,,"accept,accept-language,client-id,client-version,d,lang,referer,sec-ch-ua,sec-ch-ua-mobile,sec-ch-ua-platform,t,user-agent,x-device-id",Query: current page filter/pagination; Header: authenticated browser session/runtime,200,True,"object; keys=a,d,s,t",FAT admin authenticated browser session; exact role/permission mapping pending,No mutation observed; registered low-risk interaction,Page reloaded and Network reached quiet state before action,Action response captured; no business mutation observed,admin/game,游戏线路报表,后台/报表/游戏报表/游戏线路报表.bru,ACTIVE,YES,"fat-admin-explicit-read-actions.json Network events 165; exact selector {""locator"": "".ant-pagination a, .ant-pagination button"", ""accessible_name"": ""4""}",,
admin,Report Management,Game Type Reports,/report-management/game-types-report/list,pagination,2,GET,/admin/reports/gameclass/node,"end_time,field,page,page_size,start_time",,,"accept,accept-language,client-id,client-version,d,lang,referer,sec-ch-ua,sec-ch-ua-mobile,sec-ch-ua-platform,t,user-agent,x-device-id",Query: current page filter/pagination; Header: authenticated browser session/runtime,200,True,"object; keys=a,d,s,t",FAT admin authenticated browser session; exact role/permission mapping pending,No mutation observed; registered low-risk interaction,Page reloaded and Network reached quiet state before action,Action response captured; no business mutation observed,admin/game,游戏类型线路报表,后台/报表/游戏类型报表/游戏类型线路报表.bru,ACTIVE,YES,"fat-admin-explicit-read-actions.json Network events 186; exact selector {""locator"": "".ant-pagination a, .ant-pagination button"", ""accessible_name"": ""2""}",,
admin,Report Management,Game Type Reports,/report-management/game-types-report/list,pagination,3,GET,/admin/reports/gameclass/node,"end_time,field,page,page_size,start_time",,,"accept,accept-language,client-id,client-version,d,lang,referer,sec-ch-ua,sec-ch-ua-mobile,sec-ch-ua-platform,t,user-agent,x-device-id",Query: current page filter/pagination; Header: authenticated browser session/runtime,200,True,"object; keys=a,d,s,t",FAT admin authenticated browser session; exact role/permission mapping pending,No mutation observed; registered low-risk interaction,Page reloaded and Network reached quiet state before action,Action response captured; no business mutation observed,admin/game,游戏类型线路报表,后台/报表/游戏类型报表/游戏类型线路报表.bru,ACTIVE,YES,"fat-admin-explicit-read-actions.json Network events 207; exact selector {""locator"": "".ant-pagination a, .ant-pagination button"", ""accessible_name"": ""3""}",,
admin,Risk Management,Deposit/Withdrawal Approval,/risk-control/dw-audit,tab,Deposit Order,GET,/admin/finance/payment/deposit/channels,,,,"accept,accept-language,client-id,client-version,d,lang,referer,sec-ch-ua,sec-ch-ua-mobile,sec-ch-ua-platform,t,user-agent,x-device-id",Header: authenticated browser session/runtime,200,True,list,FAT admin authenticated browser session; exact role/permission mapping pending,No mutation observed; registered low-risk interaction,Page reloaded and Network reached quiet state before action,Action response captured; no business mutation observed,admin/finance,支付渠道列表-cold,后台/财务管理/存款记录/支付渠道列表-cold.bru,ACTIVE,YES,"fat-admin-explicit-read-actions.json Network events 1522; exact selector {""role"": ""tab"", ""name"": ""Deposit Order"", ""exact"": true}",,
admin,Risk Management,Deposit/Withdrawal Approval,/risk-control/dw-audit,tab,Deposit Order,POST,/admin/finance/deposit/risk/list,,,,"accept,accept-language,client-id,client-version,content-type,d,lang,referer,sec-ch-ua,sec-ch-ua-mobile,sec-ch-ua-platform,t,user-agent,x-device-id",Header: authenticated browser session/runtime,200,True,"object; keys=d,s,summary,t",FAT admin authenticated browser session; exact role/permission mapping pending,No mutation observed; registered low-risk interaction,Page reloaded and Network reached quiet state before action,Action response captured; no business mutation observed,,,,UNDOCUMENTED_ACTIVE,YES,"fat-admin-explicit-read-actions.json Network events 1523; exact selector {""role"": ""tab"", ""name"": ""Deposit Order"", ""exact"": true}",,
admin,Risk Management,Deposit/Withdrawal Approval,/risk-control/dw-audit,tab,Withdrawal Order,GET,/admin/finance/payment/withdraw/channels,,,,"accept,accept-language,client-id,client-version,d,lang,referer,sec-ch-ua,sec-ch-ua-mobile,sec-ch-ua-platform,t,user-agent,x-device-id",Header: authenticated browser session/runtime,200,True,list,FAT admin authenticated browser session; exact role/permission mapping pending,No mutation observed; registered low-risk interaction,Page reloaded and Network reached quiet state before action,Action response captured; no business mutation observed,admin/finance,提现渠道列表-cold,合规/财务管理/财务记录/提现渠道列表-cold.bru,ACTIVE,YES,"fat-admin-explicit-read-actions.json Network events 1502; exact selector {""role"": ""tab"", ""name"": ""Withdrawal Order"", ""exact"": true}",,
admin,Risk Management,Deposit/Withdrawal Approval,/risk-control/dw-audit,tab,Withdrawal Order,POST,/admin/finance/withdraw/risk/list,,,,"accept,accept-language,client-id,client-version,content-type,d,lang,referer,sec-ch-ua,sec-ch-ua-mobile,sec-ch-ua-platform,t,user-agent,x-device-id",Header: authenticated browser session/runtime,200,True,"object; keys=d,s,summary,t",FAT admin authenticated browser session; exact role/permission mapping pending,No mutation observed; registered low-risk interaction,Page reloaded and Network reached quiet state before action,Action response captured; no business mutation observed,,,,UNDOCUMENTED_ACTIVE,YES,"fat-admin-explicit-read-actions.json Network events 1503; exact selector {""role"": ""tab"", ""name"": ""Withdrawal Order"", ""exact"": true}",,
admin,Risk Management,Temporary Restriction List,/risk-control/temporary-restriction-list,pagination,2,GET,/admin/finance/withdraws/limit/list,"page,page_size",,,"accept,accept-language,client-id,client-version,d,lang,referer,sec-ch-ua,sec-ch-ua-mobile,sec-ch-ua-platform,t,user-agent,x-device-id",Query: current page filter/pagination; Header: authenticated browser session/runtime,200,True,"object; keys=conf,d,s,t",FAT admin authenticated browser session; exact role/permission mapping pending,No mutation observed; registered low-risk interaction,Page reloaded and Network reached quiet state before action,Action response captured; no business mutation observed,admin/finance,大量小額提款檢查列表,后台/风控管理/大量小額提款檢查/大量小額提款檢查列表.bru,ACTIVE,YES,"fat-admin-explicit-read-actions.json Network events 1578; exact selector {""locator"": "".ant-pagination a, .ant-pagination button"", ""accessible_name"": ""2""}",,
admin,Risk Management,Fund Transfer Record,/risk-control/up-down-score,tab,Credit Records,,,,,,,No request captured,,,unverified,FAT admin authenticated browser session; exact role/permission mapping pending,No mutation observed,Page loaded,No request captured,,,,DOCUMENTED_UNVERIFIED,CONTROL_PRESENT_NO_REQUEST,"fat-admin-explicit-read-actions.json execution status=CLICKED; exact selector {""role"": ""tab"", ""name"": ""Credit Records"", ""exact"": true}",,Click produced no XHR/fetch; navigation/DOM effect requires follow-up
admin,Risk Management,Fund Transfer Record,/risk-control/up-down-score,tab,Debit Records,POST,/admin/finance/adjust/list,,,,"accept,accept-language,client-id,client-version,content-type,d,lang,referer,sec-ch-ua,sec-ch-ua-mobile,sec-ch-ua-platform,t,user-agent,x-device-id",Header: authenticated browser session/runtime,200,True,"object; keys=d,s,t",FAT admin authenticated browser session; exact role/permission mapping pending,No mutation observed; registered low-risk interaction,Page reloaded and Network reached quiet state before action,Action response captured; no business mutation observed,admin/finance,系统调整,代理管理后台/财务管理/财务报表/系统调整.bru,ACTIVE,YES,"fat-admin-explicit-read-actions.json Network events 1560; exact selector {""role"": ""tab"", ""name"": ""Debit Records"", ""exact"": true}",,
admin,System,Bet Order Monitoring,/system/order-monitor,pagination,2,GET,/admin/reports/provider/order/compare/daily,"created_at_end,created_at_start,page,page_size",,,"accept,accept-language,client-id,client-version,d,lang,referer,sec-ch-ua,sec-ch-ua-mobile,sec-ch-ua-platform,t,user-agent,x-device-id",Query: current page filter/pagination; Header: authenticated browser session/runtime,200,True,"object; keys=d,s,t",FAT admin authenticated browser session; exact role/permission mapping pending,No mutation observed; registered low-risk interaction,Page reloaded and Network reached quiet state before action,Action response captured; no business mutation observed,admin/report,列表,后台/报表/厂商注单对比日报/列表.bru,ACTIVE,YES,"fat-admin-explicit-read-actions.json Network events 2068; exact selector {""locator"": "".ant-pagination a, .ant-pagination button"", ""accessible_name"": ""2""}",,
admin,System,Bet Order Monitoring,/system/order-monitor,pagination,3,GET,/admin/reports/provider/order/compare/daily,"created_at_end,created_at_start,page,page_size",,,"accept,accept-language,client-id,client-version,d,lang,referer,sec-ch-ua,sec-ch-ua-mobile,sec-ch-ua-platform,t,user-agent,x-device-id",Query: current page filter/pagination; Header: authenticated browser session/runtime,200,True,"object; keys=d,s,t",FAT admin authenticated browser session; exact role/permission mapping pending,No mutation observed; registered low-risk interaction,Page reloaded and Network reached quiet state before action,Action response captured; no business mutation observed,admin/report,列表,后台/报表/厂商注单对比日报/列表.bru,ACTIVE,YES,"fat-admin-explicit-read-actions.json Network events 2087; exact selector {""locator"": "".ant-pagination a, .ant-pagination button"", ""accessible_name"": ""3""}",,
admin,System,Bet Order Monitoring,/system/order-monitor,pagination,4,GET,/admin/reports/provider/order/compare/daily,"created_at_end,created_at_start,page,page_size",,,"accept,accept-language,client-id,client-version,d,lang,referer,sec-ch-ua,sec-ch-ua-mobile,sec-ch-ua-platform,t,user-agent,x-device-id",Query: current page filter/pagination; Header: authenticated browser session/runtime,200,True,"object; keys=d,s,t",FAT admin authenticated browser session; exact role/permission mapping pending,No mutation observed; registered low-risk interaction,Page reloaded and Network reached quiet state before action,Action response captured; no business mutation observed,admin/report,列表,后台/报表/厂商注单对比日报/列表.bru,ACTIVE,YES,"fat-admin-explicit-read-actions.json Network events 2106; exact selector {""locator"": "".ant-pagination a, .ant-pagination button"", ""accessible_name"": ""4""}",,
admin,System,SMS Verification Code,/system/sms-otp,pagination,15,GET,/admin/sms/list,"end_time,page,page_size,start_time",,,"accept,accept-language,client-id,client-version,d,lang,referer,sec-ch-ua,sec-ch-ua-mobile,sec-ch-ua-platform,t,user-agent,x-device-id",Query: current page filter/pagination; Header: authenticated browser session/runtime,200,True,"object; keys=d,t",FAT admin authenticated browser session; exact role/permission mapping pending,No mutation observed; registered low-risk interaction,Page reloaded and Network reached quiet state before action,Action response captured; no business mutation observed,admin/auth,短信列表-seven,后台/短信发送列表/短信列表-seven.bru,ACTIVE,YES,"fat-admin-explicit-read-actions.json Network events 2049; exact selector {""locator"": "".ant-pagination a, .ant-pagination button"", ""accessible_name"": ""15""}",,
admin,System,SMS Verification Code,/system/sms-otp,pagination,2,GET,/admin/sms/list,"end_time,page,page_size,start_time",,,"accept,accept-language,client-id,client-version,d,lang,referer,sec-ch-ua,sec-ch-ua-mobile,sec-ch-ua-platform,t,user-agent,x-device-id",Query: current page filter/pagination; Header: authenticated browser session/runtime,200,True,"object; keys=d,t",FAT admin authenticated browser session; exact role/permission mapping pending,No mutation observed; registered low-risk interaction,Page reloaded and Network reached quiet state before action,Action response captured; no business mutation observed,admin/auth,短信列表-seven,后台/短信发送列表/短信列表-seven.bru,ACTIVE,YES,"fat-admin-explicit-read-actions.json Network events 1959; exact selector {""locator"": "".ant-pagination a, .ant-pagination button"", ""accessible_name"": ""2""}",,
admin,System,SMS Verification Code,/system/sms-otp,pagination,3,GET,/admin/sms/list,"end_time,page,page_size,start_time",,,"accept,accept-language,client-id,client-version,d,lang,referer,sec-ch-ua,sec-ch-ua-mobile,sec-ch-ua-platform,t,user-agent,x-device-id",Query: current page filter/pagination; Header: authenticated browser session/runtime,200,True,"object; keys=d,t",FAT admin authenticated browser session; exact role/permission mapping pending,No mutation observed; registered low-risk interaction,Page reloaded and Network reached quiet state before action,Action response captured; no business mutation observed,admin/auth,短信列表-seven,后台/短信发送列表/短信列表-seven.bru,ACTIVE,YES,"fat-admin-explicit-read-actions.json Network events 1977; exact selector {""locator"": "".ant-pagination a, .ant-pagination button"", ""accessible_name"": ""3""}",,
admin,System,SMS Verification Code,/system/sms-otp,pagination,4,GET,/admin/sms/list,"end_time,page,page_size,start_time",,,"accept,accept-language,client-id,client-version,d,lang,referer,sec-ch-ua,sec-ch-ua-mobile,sec-ch-ua-platform,t,user-agent,x-device-id",Query: current page filter/pagination; Header: authenticated browser session/runtime,200,True,"object; keys=d,t",FAT admin authenticated browser session; exact role/permission mapping pending,No mutation observed; registered low-risk interaction,Page reloaded and Network reached quiet state before action,Action response captured; no business mutation observed,admin/auth,短信列表-seven,后台/短信发送列表/短信列表-seven.bru,ACTIVE,YES,"fat-admin-explicit-read-actions.json Network events 1995; exact selector {""locator"": "".ant-pagination a, .ant-pagination button"", ""accessible_name"": ""4""}",,
admin,System,SMS Verification Code,/system/sms-otp,pagination,5,GET,/admin/sms/list,"end_time,page,page_size,start_time",,,"accept,accept-language,client-id,client-version,d,lang,referer,sec-ch-ua,sec-ch-ua-mobile,sec-ch-ua-platform,t,user-agent,x-device-id",Query: current page filter/pagination; Header: authenticated browser session/runtime,200,True,"object; keys=d,t",FAT admin authenticated browser session; exact role/permission mapping pending,No mutation observed; registered low-risk interaction,Page reloaded and Network reached quiet state before action,Action response captured; no business mutation observed,admin/auth,短信列表-seven,后台/短信发送列表/短信列表-seven.bru,ACTIVE,YES,"fat-admin-explicit-read-actions.json Network events 2013; exact selector {""locator"": "".ant-pagination a, .ant-pagination button"", ""accessible_name"": ""5""}",,
admin,System,SMS Verification Code,/system/sms-otp,pagination,•••,GET,/admin/sms/list,"end_time,page,page_size,start_time",,,"accept,accept-language,client-id,client-version,d,lang,referer,sec-ch-ua,sec-ch-ua-mobile,sec-ch-ua-platform,t,user-agent,x-device-id",Query: current page filter/pagination; Header: authenticated browser session/runtime,200,True,"object; keys=d,t",FAT admin authenticated browser session; exact role/permission mapping pending,No mutation observed; registered low-risk interaction,Page reloaded and Network reached quiet state before action,Action response captured; no business mutation observed,admin/auth,短信列表-seven,后台/短信发送列表/短信列表-seven.bru,ACTIVE,YES,"fat-admin-explicit-read-actions.json Network events 2031; exact selector {""locator"": "".ant-pagination a, .ant-pagination button"", ""accessible_name"": ""•••""}",,
admin,System,Staff Configuration,/system/staff,pagination,2,POST,/admin/user/list,,,"page,page_size","accept,accept-language,client-id,client-version,content-type,d,lang,referer,sec-ch-ua,sec-ch-ua-mobile,sec-ch-ua-platform,t,user-agent,x-device-id",Body: current page form/filter and UI defaults; Header: authenticated browser session/runtime,200,True,"object; keys=d,t",FAT admin authenticated browser session; exact role/permission mapping pending,No mutation observed; registered low-risk interaction,Page reloaded and Network reached quiet state before action,Action response captured; no business mutation observed,,,,UNDOCUMENTED_ACTIVE,YES,"fat-admin-explicit-read-actions.json Network events 1865; exact selector {""locator"": "".ant-pagination a, .ant-pagination button"", ""accessible_name"": ""2""}",,
admin,System,Staff Configuration,/system/staff,pagination,3,POST,/admin/user/list,,,"page,page_size","accept,accept-language,client-id,client-version,content-type,d,lang,referer,sec-ch-ua,sec-ch-ua-mobile,sec-ch-ua-platform,t,user-agent,x-device-id",Body: current page form/filter and UI defaults; Header: authenticated browser session/runtime,200,True,"object; keys=d,t",FAT admin authenticated browser session; exact role/permission mapping pending,No mutation observed; registered low-risk interaction,Page reloaded and Network reached quiet state before action,Action response captured; no business mutation observed,,,,UNDOCUMENTED_ACTIVE,YES,"fat-admin-explicit-read-actions.json Network events 1884; exact selector {""locator"": "".ant-pagination a, .ant-pagination button"", ""accessible_name"": ""3""}",,
admin,System,Staff Configuration,/system/staff,pagination,4,POST,/admin/user/list,,,"page,page_size","accept,accept-language,client-id,client-version,content-type,d,lang,referer,sec-ch-ua,sec-ch-ua-mobile,sec-ch-ua-platform,t,user-agent,x-device-id",Body: current page form/filter and UI defaults; Header: authenticated browser session/runtime,200,True,"object; keys=d,t",FAT admin authenticated browser session; exact role/permission mapping pending,No mutation observed; registered low-risk interaction,Page reloaded and Network reached quiet state before action,Action response captured; no business mutation observed,,,,UNDOCUMENTED_ACTIVE,YES,"fat-admin-explicit-read-actions.json Network events 1903; exact selector {""locator"": "".ant-pagination a, .ant-pagination button"", ""accessible_name"": ""4""}",,
admin,System,Staff Configuration,/system/staff,pagination,5,POST,/admin/user/list,,,"page,page_size","accept,accept-language,client-id,client-version,content-type,d,lang,referer,sec-ch-ua,sec-ch-ua-mobile,sec-ch-ua-platform,t,user-agent,x-device-id",Body: current page form/filter and UI defaults; Header: authenticated browser session/runtime,200,True,"object; keys=d,t",FAT admin authenticated browser session; exact role/permission mapping pending,No mutation observed; registered low-risk interaction,Page reloaded and Network reached quiet state before action,Action response captured; no business mutation observed,,,,UNDOCUMENTED_ACTIVE,YES,"fat-admin-explicit-read-actions.json Network events 1922; exact selector {""locator"": "".ant-pagination a, .ant-pagination button"", ""accessible_name"": ""5""}",,
admin,System,Staff Configuration,/system/staff,pagination,6,POST,/admin/user/list,,,"page,page_size","accept,accept-language,client-id,client-version,content-type,d,lang,referer,sec-ch-ua,sec-ch-ua-mobile,sec-ch-ua-platform,t,user-agent,x-device-id",Body: current page form/filter and UI defaults; Header: authenticated browser session/runtime,200,True,"object; keys=d,t",FAT admin authenticated browser session; exact role/permission mapping pending,No mutation observed; registered low-risk interaction,Page reloaded and Network reached quiet state before action,Action response captured; no business mutation observed,,,,UNDOCUMENTED_ACTIVE,YES,"fat-admin-explicit-read-actions.json Network events 1941; exact selector {""locator"": "".ant-pagination a, .ant-pagination button"", ""accessible_name"": ""6""}",,
