"order","top_menu","menu_path","page_name","raw_label","route","route_source","anchor_href","permission_match","scan_status","evidence","note"
"1","Home","","Home","Home","/home","sidebar anchor href","/home","","MENU_DISCOVERED","fat-admin-live-menu.json rendered sidebar DOM",""
"2","KYC","","KYC","KYC44","/kyc","sidebar anchor href","/kyc","20000:KYC:/kyc","MENU_DISCOVERED","fat-admin-live-menu.json rendered sidebar DOM",""
"3","Logs","","Logs","Logs","/logs/list","sidebar anchor href","/logs/list","","MENU_DISCOVERED","fat-admin-live-menu.json rendered sidebar DOM",""
"4","Member Management","Member Management","Member","Member","/member-center/list","sidebar anchor href","/member-center/list","10000:会员:/member","MENU_DISCOVERED","fat-admin-live-menu.json rendered sidebar DOM",""
"5","Member Management","Member Management","VIP Config","VIP Config","/member-management/vip-config","sidebar anchor href","/member-management/vip-config","","MENU_DISCOVERED","fat-admin-live-menu.json rendered sidebar DOM",""
"6","Member Management","Member Management","VIP Rewards","VIP Rewards","/member-management/vip-rewards","sidebar anchor href","/member-management/vip-rewards","","MENU_DISCOVERED","fat-admin-live-menu.json rendered sidebar DOM",""
"7","Member Management","Member Management","VIP Check-in Log","VIP Check-in Log","/member-management/vip-checkin-log","sidebar anchor href","/member-management/vip-checkin-log","","MENU_DISCOVERED","fat-admin-live-menu.json rendered sidebar DOM",""
"8","Member Management","Member Management","Inviter Transfer Records","Inviter Transfer Records","/member-management/inviter-transfer-records","sidebar anchor href","/member-management/inviter-transfer-records","","MENU_DISCOVERED","fat-admin-live-menu.json rendered sidebar DOM",""
"9","Agent Management","Agent Management","Agency statistical report","Agency statistical report","/agency-management/agency-statistical","sidebar anchor href","/agency-management/agency-statistical","","MENU_DISCOVERED","fat-admin-live-menu.json rendered sidebar DOM",""
"10","Report Management","Report Management","Game Reports","Game Reports","/report-management/game-reports/list","sidebar anchor href","/report-management/game-reports/list","","MENU_DISCOVERED","fat-admin-live-menu.json rendered sidebar DOM",""
"11","Report Management","Report Management","Game Type Reports","Game Type Reports","/report-management/game-types-report/list","sidebar anchor href","/report-management/game-types-report/list","","MENU_DISCOVERED","fat-admin-live-menu.json rendered sidebar DOM",""
"12","Report Management","Report Management","Game Platform Reports","Game Platform Reports","/report-management/game-platform-report/list","sidebar anchor href","/report-management/game-platform-report/list","","MENU_DISCOVERED","fat-admin-live-menu.json rendered sidebar DOM",""
"13","Report Management","Report Management","Member Daily Stats","Member Daily Stats","/report-management/member-daily-stats","sidebar anchor href","/report-management/member-daily-stats","","MENU_DISCOVERED","fat-admin-live-menu.json rendered sidebar DOM",""
"14","Report Management","Report Management","Member Daily Game Stats","Member Daily Game Stats","/report-management/member-daily-game-stats","sidebar anchor href","/report-management/member-daily-game-stats","","MENU_DISCOVERED","fat-admin-live-menu.json rendered sidebar DOM",""
"15","Finance Management","Finance Management","Deposit Record","Deposit Record","/payment/recharge-orders/list","sidebar anchor href","/payment/recharge-orders/list","","MENU_DISCOVERED","fat-admin-live-menu.json rendered sidebar DOM",""
"16","Finance Management","Finance Management","Withdrawal Record","Withdrawal Record","/payment/withdraw-orders/list","sidebar anchor href","/payment/withdraw-orders/list","","MENU_DISCOVERED","fat-admin-live-menu.json rendered sidebar DOM",""
"17","Finance Management","Finance Management","Bet Management","Bet Management","/payment/betting-slip/list","sidebar anchor href","/payment/betting-slip/list","","MENU_DISCOVERED","fat-admin-live-menu.json rendered sidebar DOM",""
"18","Finance Management","Finance Management","Member Wallet Transactions","Member Wallet Transactions","/payment/transaction-orders","sidebar anchor href","/payment/transaction-orders","","MENU_DISCOVERED","fat-admin-live-menu.json rendered sidebar DOM",""
"19","Finance Management","Finance Management","Payment Channels","Payment Channels","/payment/channel-ordersV2","sidebar anchor href","/payment/channel-ordersV2","","MENU_DISCOVERED","fat-admin-live-menu.json rendered sidebar DOM",""
"20","Finance Management","Finance Management","Recharge Card Order","Recharge Card Order","/payment/recharge-card-orders/list","sidebar anchor href","/payment/recharge-card-orders/list","","MENU_DISCOVERED","fat-admin-live-menu.json rendered sidebar DOM",""
"21","Operation Management","Operation Management","Recharge Template","Recharge Template","/operations/recharge-template","sidebar anchor href","/operations/recharge-template","","MENU_DISCOVERED","fat-admin-live-menu.json rendered sidebar DOM",""
"22","Operation Management","Operation Management","Daily Report","Daily Report","/operations/daily-reports","sidebar anchor href","/operations/daily-reports","","MENU_DISCOVERED","fat-admin-live-menu.json rendered sidebar DOM",""
"23","Operation Management","Operation Management","Client Configuration","Client Configuration","/operations/client-config","sidebar anchor href","/operations/client-config","","MENU_DISCOVERED","fat-admin-live-menu.json rendered sidebar DOM",""
"24","Operation Management","Operation Management","Material Management","Material Management","/operations/material-management","sidebar anchor href","/operations/material-management","","MENU_DISCOVERED","fat-admin-live-menu.json rendered sidebar DOM",""
"25","Operation Management","Operation Management","Market Management","Market Management9","/operations/mall-management","sidebar anchor href","/operations/mall-management","","MENU_DISCOVERED","fat-admin-live-menu.json rendered sidebar DOM",""
"26","Operation Management","Operation Management","Promotion List","Promotion List","/operations/activity-list","sidebar anchor href","/operations/activity-list","","MENU_DISCOVERED","fat-admin-live-menu.json rendered sidebar DOM",""
"27","Operation Management","Operation Management","Promotion Spend Audit","Promotion Spend Audit7","/operations/activity-expenditure-audit","sidebar anchor href","/operations/activity-expenditure-audit","","MENU_DISCOVERED","fat-admin-live-menu.json rendered sidebar DOM",""
"28","Operation Management","Operation Management","Ad Tracking/Buried Point","Ad Tracking/Buried Point","/operations/advertisement-tracking","sidebar anchor href","/operations/advertisement-tracking","","MENU_DISCOVERED","fat-admin-live-menu.json rendered sidebar DOM",""
"29","Operation Management","Operation Management","Message Templates","Message Templates","/operations/message-templates","sidebar anchor href","/operations/message-templates","","MENU_DISCOVERED","fat-admin-live-menu.json rendered sidebar DOM",""
"30","Operation Management","Operation Management","Member station message","Member station message","/operations/in-site-message","sidebar anchor href","/operations/in-site-message","","MENU_DISCOVERED","fat-admin-live-menu.json rendered sidebar DOM",""
"31","Operation Management","Operation Management","Friend Invite","Friend Invite","/operations/friend-invite","sidebar anchor href","/operations/friend-invite","","MENU_DISCOVERED","fat-admin-live-menu.json rendered sidebar DOM",""
"32","Operation Management","Operation Management","Jackpot Board","Jackpot Board","/operations/jackpot-board","sidebar anchor href","/operations/jackpot-board","","MENU_DISCOVERED","fat-admin-live-menu.json rendered sidebar DOM",""
"33","Operation Management","Operation Management","Ops tools","Ops tools","/operations/ops-tools","sidebar anchor href","/operations/ops-tools","","MENU_DISCOVERED","fat-admin-live-menu.json rendered sidebar DOM",""
"34","Operation Management","Operation Management","Marquee Management","Marquee Management","/operations/marquee-management","sidebar anchor href","/operations/marquee-management","","MENU_DISCOVERED","fat-admin-live-menu.json rendered sidebar DOM",""
"35","Operation Management","Operation Management","Home Sections Config","Home Sections Config","/operations/home-sections","sidebar anchor href","/operations/home-sections","","MENU_DISCOVERED","fat-admin-live-menu.json rendered sidebar DOM",""
"36","Risk Management","Risk Management","Deposit/Withdrawal Approval","Deposit/Withdrawal Approval84","/risk-control/dw-audit","sidebar anchor href","/risk-control/dw-audit","","MENU_DISCOVERED","fat-admin-live-menu.json rendered sidebar DOM",""
"37","Risk Management","Risk Management","Fund Transfer Record","Fund Transfer Record","/risk-control/up-down-score","sidebar anchor href","/risk-control/up-down-score","","MENU_DISCOVERED","fat-admin-live-menu.json rendered sidebar DOM",""
"38","Risk Management","Risk Management","Temporary Restriction List","Temporary Restriction List","/risk-control/temporary-restriction-list","sidebar anchor href","/risk-control/temporary-restriction-list","","MENU_DISCOVERED","fat-admin-live-menu.json rendered sidebar DOM",""
"39","Risk Management","Risk Management","Risk Logs","Risk Logs","/risk-control/risk-logs","sidebar anchor href","/risk-control/risk-logs","","MENU_DISCOVERED","fat-admin-live-menu.json rendered sidebar DOM",""
"40","Promo Marketing","Promo Marketing","Channel Management","Channel Management","/promo-marketing/channels","sidebar anchor href","/promo-marketing/channels","","MENU_DISCOVERED","fat-admin-live-menu.json rendered sidebar DOM",""
"41","Promo Marketing","Promo Marketing","Promo Marketing Report","Promo Marketing Report","/promo-marketing/statistical-reports","sidebar anchor href","/promo-marketing/statistical-reports","","MENU_DISCOVERED","fat-admin-live-menu.json rendered sidebar DOM",""
"42","Promo Marketing","Promo Marketing","Promo Marketing Effect","Promo Marketing Effect","/promo-marketing/effect-evaluation","sidebar anchor href","/promo-marketing/effect-evaluation","","MENU_DISCOVERED","fat-admin-live-menu.json rendered sidebar DOM",""
"43","Promo Marketing","Promo Marketing","Register Daily Active","Register Daily Active","/promo-marketing/register-daily-active","sidebar anchor href","/promo-marketing/register-daily-active","","MENU_DISCOVERED","fat-admin-live-menu.json rendered sidebar DOM",""
"44","Promo Marketing","Promo Marketing","First Deposit Daily Active Analysis","First Deposit Daily Active Analysis","/promo-marketing/first-deposit-daily-active","sidebar anchor href","/promo-marketing/first-deposit-daily-active","","MENU_DISCOVERED","fat-admin-live-menu.json rendered sidebar DOM",""
"45","Promo Marketing","Promo Marketing","Promo Data","Promo Data","/promo-marketing/promotion-data","sidebar anchor href","/promo-marketing/promotion-data","","MENU_DISCOVERED","fat-admin-live-menu.json rendered sidebar DOM",""
"46","Site Management","Site Management","Domain Management","Domain Management","/site-management/domain-management","sidebar anchor href","/site-management/domain-management","","MENU_DISCOVERED","fat-admin-live-menu.json rendered sidebar DOM",""
"47","Game","Game","Betting Record","Betting Record","/game/bet-orders","sidebar anchor href","/game/bet-orders","","MENU_DISCOVERED","fat-admin-live-menu.json rendered sidebar DOM",""
"48","Game","Game","Venue Management","Venue Management","/gamev2/venue-settings","sidebar anchor href","/gamev2/venue-settings","","MENU_DISCOVERED","fat-admin-live-menu.json rendered sidebar DOM",""
"49","Game","Game","Provider Management","Provider Management","/gamev2/manufacturer-management","sidebar anchor href","/gamev2/manufacturer-management","","MENU_DISCOVERED","fat-admin-live-menu.json rendered sidebar DOM",""
"50","Game","Game","Game List Management","Game List Management","/gamev2/game-management","sidebar anchor href","/gamev2/game-management","","MENU_DISCOVERED","fat-admin-live-menu.json rendered sidebar DOM",""
"51","Game","Game","FS 派发管理","FS 派发管理","/gamev2/freespin-grants","sidebar anchor href","/gamev2/freespin-grants","","MENU_DISCOVERED","fat-admin-live-menu.json rendered sidebar DOM",""
"52","Game","Game","FS 批量派发纪录","FS 批量派发纪录","/gamev2/freespin-import-logs","sidebar anchor href","/gamev2/freespin-import-logs","","MENU_DISCOVERED","fat-admin-live-menu.json rendered sidebar DOM",""
"53","System","System","Role Configuration","Role Configuration","/system/role","sidebar anchor href","/system/role","","MENU_DISCOVERED","fat-admin-live-menu.json rendered sidebar DOM",""
"54","System","System","Staff Configuration","Staff Configuration","/system/staff","sidebar anchor href","/system/staff","","MENU_DISCOVERED","fat-admin-live-menu.json rendered sidebar DOM",""
"55","System","System","SMS Verification Code","SMS Verification Code","/system/sms-otp","sidebar anchor href","/system/sms-otp","","MENU_DISCOVERED","fat-admin-live-menu.json rendered sidebar DOM",""
"56","System","System","Bet Order Monitoring","Bet Order Monitoring","/system/order-monitor","sidebar anchor href","/system/order-monitor","","MENU_DISCOVERED","fat-admin-live-menu.json rendered sidebar DOM",""
"57","System","System","Whitelist","Whitelist","/whitelist/list","sidebar anchor href","/whitelist/list","","MENU_DISCOVERED","fat-admin-live-menu.json rendered sidebar DOM",""
