route,action_type,action_name,status,overlay_present,endpoint_evidence,classification,side_effect,before_state,after_state,error
/home,query,,CLICKED,False,,DOCUMENTED_UNVERIFIED,none observed; safe read interaction only,"""authenticated page""","""page/overlay observed; Escape used to close overlays""",
/home,reset,,CLICKED,False,GET /admin/agency/reports/bi/basic,ACTIVE,none observed; safe read interaction only,"""authenticated page""","""page/overlay observed; Escape used to close overlays""",
/home,tab,Home,CLICKED,False,,DOCUMENTED_UNVERIFIED,none observed; safe read interaction only,"""authenticated page""","""page/overlay observed; Escape used to close overlays""",
/home,chart_mode,Line Chart Mode,CLICKED,False,,DOCUMENTED_UNVERIFIED,none observed; local chart presentation only,"{""line"": {""text"": ""Line Chart Mode"", ""class_name"": ""ant-btn css-jcwvac ant-btn-default ant-btn-color-default ant-btn-variant-outlined"", ""aria_pressed"": """", ""aria_selected"": """", ""disabled"": false, ""parent_class"": ""ant-btn-group css-jcwvac"", ""chart_nodes"": 2}, ""bar"": {""text"": ""Bar Chart Mode"", ""class_name"": ""ant-btn css-jcwvac ant-btn-primary ant-btn-color-primary ant-btn-variant-solid"", ""aria_pressed"": """", ""aria_selected"": """", ""disabled"": false, ""parent_class"": ""ant-btn-group css-jcwvac"", ""chart_nodes"": 2}}","{""line"": {""text"": ""Line Chart Mode"", ""class_name"": ""ant-btn css-jcwvac ant-btn-primary ant-btn-color-primary ant-btn-variant-solid"", ""aria_pressed"": """", ""aria_selected"": """", ""disabled"": false, ""parent_class"": ""ant-btn-group css-jcwvac"", ""chart_nodes"": 2}, ""bar"": {""text"": ""Bar Chart Mode"", ""class_name"": ""ant-btn css-jcwvac ant-btn-default ant-btn-color-default ant-btn-variant-outlined"", ""aria_pressed"": """", ""aria_selected"": """", ""disabled"": false, ""parent_class"": ""ant-btn-group css-jcwvac"", ""chart_nodes"": 2}}",
/home,chart_mode,Bar Chart Mode,CLICKED,False,,DOCUMENTED_UNVERIFIED,none observed; local chart presentation only,"{""line"": {""text"": ""Line Chart Mode"", ""class_name"": ""ant-btn css-jcwvac ant-btn-primary ant-btn-color-primary ant-btn-variant-solid"", ""aria_pressed"": """", ""aria_selected"": """", ""disabled"": false, ""parent_class"": ""ant-btn-group css-jcwvac"", ""chart_nodes"": 2}, ""bar"": {""text"": ""Bar Chart Mode"", ""class_name"": ""ant-btn css-jcwvac ant-btn-default ant-btn-color-default ant-btn-variant-outlined"", ""aria_pressed"": """", ""aria_selected"": """", ""disabled"": false, ""parent_class"": ""ant-btn-group css-jcwvac"", ""chart_nodes"": 2}}","{""line"": {""text"": ""Line Chart Mode"", ""class_name"": ""ant-btn css-jcwvac ant-btn-default ant-btn-color-default ant-btn-variant-outlined"", ""aria_pressed"": """", ""aria_selected"": """", ""disabled"": false, ""parent_class"": ""ant-btn-group css-jcwvac"", ""chart_nodes"": 2}, ""bar"": {""text"": ""Bar Chart Mode"", ""class_name"": ""ant-btn css-jcwvac ant-btn-primary ant-btn-color-primary ant-btn-variant-solid"", ""aria_pressed"": """", ""aria_selected"": """", ""disabled"": false, ""parent_class"": ""ant-btn-group css-jcwvac"", ""chart_nodes"": 2}}",
/home,chart_mode_restore,Bar Chart Mode,RESTORED,False,,DOCUMENTED_UNVERIFIED,none observed; local chart presentation only,"{""line"": {""text"": ""Line Chart Mode"", ""class_name"": ""ant-btn css-jcwvac ant-btn-default ant-btn-color-default ant-btn-variant-outlined"", ""aria_pressed"": """", ""aria_selected"": """", ""disabled"": false, ""parent_class"": ""ant-btn-group css-jcwvac"", ""chart_nodes"": 2}, ""bar"": {""text"": ""Bar Chart Mode"", ""class_name"": ""ant-btn css-jcwvac ant-btn-primary ant-btn-color-primary ant-btn-variant-solid"", ""aria_pressed"": """", ""aria_selected"": """", ""disabled"": false, ""parent_class"": ""ant-btn-group css-jcwvac"", ""chart_nodes"": 2}}","{""line"": {""text"": ""Line Chart Mode"", ""class_name"": ""ant-btn css-jcwvac ant-btn-default ant-btn-color-default ant-btn-variant-outlined"", ""aria_pressed"": """", ""aria_selected"": """", ""disabled"": false, ""parent_class"": ""ant-btn-group css-jcwvac"", ""chart_nodes"": 2}, ""bar"": {""text"": ""Bar Chart Mode"", ""class_name"": ""ant-btn css-jcwvac ant-btn-primary ant-btn-color-primary ant-btn-variant-solid"", ""aria_pressed"": """", ""aria_selected"": """", ""disabled"": false, ""parent_class"": ""ant-btn-group css-jcwvac"", ""chart_nodes"": 2}}",
/home,chart_series_legend,On / Closed,BLOCKED_PREREQUISITE,False,,DOCUMENTED_UNVERIFIED,none observed; local chart presentation only,"{""text"": ""On\nClosed"", ""class_name"": ""ant-switch css-jcwvac"", ""aria_pressed"": """", ""aria_selected"": """", ""disabled"": false, ""parent_class"": ""ant-space-item"", ""chart_nodes"": 2}","{""text"": ""On\nClosed"", ""class_name"": ""ant-switch css-jcwvac"", ""aria_pressed"": """", ""aria_selected"": """", ""disabled"": false, ""parent_class"": ""ant-space-item"", ""chart_nodes"": 2}",DOM did not prove this ambiguous combined-label control is a reversible chart series legend; not clicked
/agent/agent-review,query,,CLICKED,False,GET /admin/agency/audit/list,ACTIVE,none observed; safe read interaction only,"""authenticated page""","""page/overlay observed; Escape used to close overlays""",
/agent/agent-review,reset,,CLICKED,False,GET /admin/agency/audit/list,ACTIVE,none observed; safe read interaction only,"""authenticated page""","""page/overlay observed; Escape used to close overlays""",
/agent/agent-review,details,,CLICKED,True,GET /admin/agency/audit/detail,ACTIVE,none observed; safe read interaction only,"""authenticated page""","""page/overlay observed; Escape used to close overlays""",
/agent/agent-review,tab,Agent Review,CLICKED,False,,DOCUMENTED_UNVERIFIED,none observed; safe read interaction only,"""authenticated page""","""page/overlay observed; Escape used to close overlays""",
/agent/agent-review,filter_query,,CLICKED,False,GET /admin/agency/audit/list,ACTIVE,none observed; safe read interaction only,"{""input_empty"": true}","{""input_restored"": true}",
/agent/agent-review,filter_reset,,RESTORED,False,GET /admin/agency/audit/list,ACTIVE,none observed; safe read interaction only,"""authenticated page""","""page/overlay observed; Escape used to close overlays""",
/agent/agent-review,filter_select_options,,OPENED_AND_CLOSED,True,,DOCUMENTED_UNVERIFIED,none observed; safe read interaction only,"""authenticated page""","""page/overlay observed; Escape used to close overlays""",
/agent/agent-list,query,,CLICKED,False,GET /admin/agency/list,ACTIVE,none observed; safe read interaction only,"""authenticated page""","""page/overlay observed; Escape used to close overlays""",
/agent/agent-list,reset,,CLICKED,False,GET /admin/agency/list,ACTIVE,none observed; safe read interaction only,"""authenticated page""","""page/overlay observed; Escape used to close overlays""",
/agent/agent-list,tab,Agent List,CLICKED,False,,DOCUMENTED_UNVERIFIED,none observed; safe read interaction only,"""authenticated page""","""page/overlay observed; Escape used to close overlays""",
/agent/agent-list,filter_query,,CLICKED,False,GET /admin/agency/list,ACTIVE,none observed; safe read interaction only,"{""input_empty"": true}","{""input_restored"": true}",
/agent/agent-list,filter_reset,,RESTORED,False,GET /admin/agency/list,ACTIVE,none observed; safe read interaction only,"""authenticated page""","""page/overlay observed; Escape used to close overlays""",
/agent/agent-list,filter_select_options,,OPENED_AND_CLOSED,True,,DOCUMENTED_UNVERIFIED,none observed; safe read interaction only,"""authenticated page""","""page/overlay observed; Escape used to close overlays""",
/agent/agent-list,filter_select_options,,OPENED_AND_CLOSED,True,,DOCUMENTED_UNVERIFIED,none observed; safe read interaction only,"""authenticated page""","""page/overlay observed; Escape used to close overlays""",
/agent/user-list,query,,CLICKED,False,GET /admin/agency/member/list,ACTIVE,none observed; safe read interaction only,"""authenticated page""","""page/overlay observed; Escape used to close overlays""",
/agent/user-list,reset,,CLICKED,False,GET /admin/agency/member/list,ACTIVE,none observed; safe read interaction only,"""authenticated page""","""page/overlay observed; Escape used to close overlays""",
/agent/user-list,tab,Member List,CLICKED,False,,DOCUMENTED_UNVERIFIED,none observed; safe read interaction only,"""authenticated page""","""page/overlay observed; Escape used to close overlays""",
/agent/user-list,filter_query,,CLICKED,False,GET /admin/agency/member/list,ACTIVE,none observed; safe read interaction only,"{""input_empty"": true}","{""input_restored"": true}",
/agent/user-list,filter_reset,,RESTORED,False,GET /admin/agency/member/list,ACTIVE,none observed; safe read interaction only,"""authenticated page""","""page/overlay observed; Escape used to close overlays""",
/agent/agent-setting,tab,Agent Settings,CLICKED,False,,DOCUMENTED_UNVERIFIED,none observed; safe read interaction only,"""authenticated page""","""page/overlay observed; Escape used to close overlays""",
/agent/agent-setting,tab,Commission Tier Table,CLICKED,False,,DOCUMENTED_UNVERIFIED,none observed; safe read interaction only,"""authenticated page""","""page/overlay observed; Escape used to close overlays""",
/agent/agent-setting,tab,Pagcor Tax Rate,CLICKED,False,GET /admin/agency/taxrate/list,ACTIVE,none observed; safe read interaction only,"""authenticated page""","""page/overlay observed; Escape used to close overlays""",
/agent/agent-setting,tab,Provider Fee Rate,CLICKED,False,GET /admin/agency/vendorrate/list,ACTIVE,none observed; safe read interaction only,"""authenticated page""","""page/overlay observed; Escape used to close overlays""",
/agent/agent-setting,pagination_next,,CLICKED,False,,DOCUMENTED_UNVERIFIED,none observed; safe read interaction only,"""authenticated page""","""page/overlay observed; Escape used to close overlays""",
/agent/agent-setting,pagination_restore,,RESTORED,False,,DOCUMENTED_UNVERIFIED,none observed; safe read interaction only,"""authenticated page""","""page/overlay observed; Escape used to close overlays""",
/agent/domain,query,,CLICKED,False,GET /admin/agency/domain/list,ACTIVE,none observed; safe read interaction only,"""authenticated page""","""page/overlay observed; Escape used to close overlays""",
/agent/domain,reset,,CLICKED,False,GET /admin/agency/domain/list,ACTIVE,none observed; safe read interaction only,"""authenticated page""","""page/overlay observed; Escape used to close overlays""",
/agent/domain,tab,Agent Domain,CLICKED,False,,DOCUMENTED_UNVERIFIED,none observed; safe read interaction only,"""authenticated page""","""page/overlay observed; Escape used to close overlays""",
/agent/domain,filter_query,,INTERACTION_ERROR,False,,DOCUMENTED_UNVERIFIED,none observed; safe read interaction only,"{""input_empty"": true}","{""input_restored"": true}","TimeoutError: locator.fill: Timeout 30000ms exceeded.
Call log:
[2m  - waiting for locator('form input:visible,.ant-form input:visible').filter({ hasNot: locat"
/agent/domain,filter_reset,,RESTORED,False,,DOCUMENTED_UNVERIFIED,none observed; safe read interaction only,"""authenticated page""","""page/overlay observed; Escape used to close overlays""",
/agent/domain,filter_select_options,,OPENED_AND_CLOSED,True,,DOCUMENTED_UNVERIFIED,none observed; safe read interaction only,"""authenticated page""","""page/overlay observed; Escape used to close overlays""",
/agent/domain,filter_select_options,,OPENED_AND_CLOSED,True,,DOCUMENTED_UNVERIFIED,none observed; safe read interaction only,"""authenticated page""","""page/overlay observed; Escape used to close overlays""",
/financial/commission-review,query,,CLICKED,False,GET /admin/agency/commission/audit/list,ACTIVE,none observed; safe read interaction only,"""authenticated page""","""page/overlay observed; Escape used to close overlays""",
/financial/commission-review,reset,,CLICKED,False,GET /admin/agency/commission/audit/list,ACTIVE,none observed; safe read interaction only,"""authenticated page""","""page/overlay observed; Escape used to close overlays""",
/financial/commission-review,tab,Commission Review,CLICKED,False,,DOCUMENTED_UNVERIFIED,none observed; safe read interaction only,"""authenticated page""","""page/overlay observed; Escape used to close overlays""",
/financial/commission-review,filter_query,,INTERACTION_ERROR,False,,DOCUMENTED_UNVERIFIED,none observed; safe read interaction only,"{""input_empty"": true}","{""input_restored"": true}","TimeoutError: locator.fill: Timeout 30000ms exceeded.
Call log:
[2m  - waiting for locator('form input:visible,.ant-form input:visible').filter({ hasNot: locat"
/financial/commission-review,filter_reset,,RESTORED,False,,DOCUMENTED_UNVERIFIED,none observed; safe read interaction only,"""authenticated page""","""page/overlay observed; Escape used to close overlays""",
/financial/commission-review,filter_select_options,,OPENED_AND_CLOSED,True,,DOCUMENTED_UNVERIFIED,none observed; safe read interaction only,"""authenticated page""","""page/overlay observed; Escape used to close overlays""",
/financial/commission-review,filter_select_options,,OPENED_AND_CLOSED,True,,DOCUMENTED_UNVERIFIED,none observed; safe read interaction only,"""authenticated page""","""page/overlay observed; Escape used to close overlays""",
/financial/commission-list,query,,CLICKED,False,GET /admin/agency/commission/report,ACTIVE,none observed; safe read interaction only,"""authenticated page""","""page/overlay observed; Escape used to close overlays""",
/financial/commission-list,reset,,CLICKED,False,GET /admin/agency/commission/report,ACTIVE,none observed; safe read interaction only,"""authenticated page""","""page/overlay observed; Escape used to close overlays""",
/financial/commission-list,tab,Commission Report,CLICKED,False,,DOCUMENTED_UNVERIFIED,none observed; safe read interaction only,"""authenticated page""","""page/overlay observed; Escape used to close overlays""",
/financial/commission-list,filter_query,,INTERACTION_ERROR,False,,DOCUMENTED_UNVERIFIED,none observed; safe read interaction only,"{""input_empty"": true}","{""input_restored"": true}","TimeoutError: locator.fill: Timeout 30000ms exceeded.
Call log:
[2m  - waiting for locator('form input:visible,.ant-form input:visible').filter({ hasNot: locat"
/financial/commission-list,filter_reset,,RESTORED,False,,DOCUMENTED_UNVERIFIED,none observed; safe read interaction only,"""authenticated page""","""page/overlay observed; Escape used to close overlays""",
/financial/commission-list,filter_select_options,,OPENED_AND_CLOSED,True,,DOCUMENTED_UNVERIFIED,none observed; safe read interaction only,"""authenticated page""","""page/overlay observed; Escape used to close overlays""",
/financial/commission-list,filter_select_options,,OPENED_AND_CLOSED,True,,DOCUMENTED_UNVERIFIED,none observed; safe read interaction only,"""authenticated page""","""page/overlay observed; Escape used to close overlays""",
/financial/commission-list,filter_select_options,,OPENED_AND_CLOSED,True,,DOCUMENTED_UNVERIFIED,none observed; safe read interaction only,"""authenticated page""","""page/overlay observed; Escape used to close overlays""",
/financial/commission-list,filter_select_options,,OPENED_AND_CLOSED,True,,DOCUMENTED_UNVERIFIED,none observed; safe read interaction only,"""authenticated page""","""page/overlay observed; Escape used to close overlays""",
/financial/financial-statements,query,,CLICKED,False,POST /agency/finance/transaction/list,ACTIVE,none observed; safe read interaction only,"""authenticated page""","""page/overlay observed; Escape used to close overlays""",
/financial/financial-statements,reset,,CLICKED,False,POST /agency/finance/transaction/list,ACTIVE,none observed; safe read interaction only,"""authenticated page""","""page/overlay observed; Escape used to close overlays""",
/financial/financial-statements,tab,Financial Report,CLICKED,False,,DOCUMENTED_UNVERIFIED,none observed; safe read interaction only,"""authenticated page""","""page/overlay observed; Escape used to close overlays""",
/financial/financial-statements,tab,Commission Distribution,CLICKED,False,,DOCUMENTED_UNVERIFIED,none observed; safe read interaction only,"""authenticated page""","""page/overlay observed; Escape used to close overlays""",
/financial/financial-statements,filter_query,,CLICKED,False,POST /agency/finance/transaction/list,ACTIVE,none observed; safe read interaction only,"{""input_empty"": false}","{""input_restored"": true}",
/financial/financial-statements,filter_reset,,RESTORED,False,POST /agency/finance/transaction/list,ACTIVE,none observed; safe read interaction only,"""authenticated page""","""page/overlay observed; Escape used to close overlays""",
/system/role,tab,Role Configuration,CLICKED,False,,DOCUMENTED_UNVERIFIED,none observed; safe read interaction only,"""authenticated page""","""page/overlay observed; Escape used to close overlays""",
/system/staff,query,,CLICKED,False,POST /backend/agency/user/list,ACTIVE,none observed; safe read interaction only,"""authenticated page""","""page/overlay observed; Escape used to close overlays""",
/system/staff,reset,,CLICKED,False,POST /backend/agency/user/list,ACTIVE,none observed; safe read interaction only,"""authenticated page""","""page/overlay observed; Escape used to close overlays""",
/system/staff,tab,Staff Configuration,CLICKED,False,,DOCUMENTED_UNVERIFIED,none observed; safe read interaction only,"""authenticated page""","""page/overlay observed; Escape used to close overlays""",
/system/staff,pagination_next,,CLICKED,False,POST /backend/agency/user/list,ACTIVE,none observed; safe read interaction only,"""authenticated page""","""page/overlay observed; Escape used to close overlays""",
/system/staff,pagination_restore,,RESTORED,False,POST /backend/agency/user/list,ACTIVE,none observed; safe read interaction only,"""authenticated page""","""page/overlay observed; Escape used to close overlays""",
/system/staff,filter_query,,CLICKED,False,POST /backend/agency/user/list,ACTIVE,none observed; safe read interaction only,"{""input_empty"": true}","{""input_restored"": true}",
/system/staff,filter_reset,,RESTORED,False,POST /backend/agency/user/list,ACTIVE,none observed; safe read interaction only,"""authenticated page""","""page/overlay observed; Escape used to close overlays""",
/system/staff,filter_select_options,,OPENED_AND_CLOSED,True,,DOCUMENTED_UNVERIFIED,none observed; safe read interaction only,"""authenticated page""","""page/overlay observed; Escape used to close overlays""",
/system/staff,filter_select_options,,OPENED_AND_CLOSED,True,,DOCUMENTED_UNVERIFIED,none observed; safe read interaction only,"""authenticated page""","""page/overlay observed; Escape used to close overlays""",
