method,origin,normalized_path,classification,pages,actions,http_status,business_status,auth_role,actual_side_effect,document_category,document_name,request_count
GET,https://client-fat.filbet2025.com,/finance/account/list,ACTIVE,Account|Withdraw,page initialization|primary navigation/action,200,true,authenticated client session (t header),none observed,client/finance,提款账户列表-wesley,2
GET,https://client-fat.filbet2025.com,/finance/channel/list,ACTIVE,Account|Deposit|Withdraw,page initialization|primary navigation/action,200,true,authenticated client session (t header),none observed,client/finance,获取支付通道列表-wesley,4
GET,https://client-fat.filbet2025.com,/finance/deposit/list,ACTIVE,Transaction,primary navigation/action,200,true,authenticated client session (t header),none observed,client/finance,充值记录-wesley,1
GET,https://client-fat.filbet2025.com,/finance/member/buyfeatures,ACTIVE,Withdraw,page initialization,200,true,authenticated client session (t header),none observed,client/finance,购买免费旋转游戏列表,2
GET,https://client-fat.filbet2025.com,/finance/payment/tab/list,ACTIVE,Account|Withdraw,page initialization|primary navigation/action,200,true,authenticated client session (t header),none observed,client/finance,提现tab,2
GET,https://client-fat.filbet2025.com,/finance/wallet,ACTIVE,Account|Bet History|Bonus|Deposit|Earn Filcoins|Filcoins Mall|Game|Home|Login|My|My Free Spins|Rewards|Sidebar|Transaction|VIP Center|Withdraw,daily task Go 1|daily task Go 2|daily task Go 3|daily task Go 4|daily task Go 5|daily task Go 6|daily task Go 7|daily task Go 8|daily task Go 9|page initialization|password login|refresh balance|start first free-spin game,200,true,authenticated client session (t header),none observed,client/finance,会员钱包-wesley,44
GET,https://client-fat.filbet2025.com,/finance/withdraw/list,ACTIVE,Transaction,select Withdraw tab,200,true,authenticated client session (t header),none observed,client/finance,提现记录-wesley,1
GET,https://client-fat.filbet2025.com,/member/bigprize/list,ACTIVE,Earn Filcoins|Home|Home (guest)|Login|Register|Sidebar|Sidebar (guest),daily task Go 6|daily task Go 7|daily task Go 8|page initialization|password login|refresh balance,200,true,authenticated client session (t header),none observed,client/member,爆奖列表,11
GET,https://client-fat.filbet2025.com,/member/buriedPoint/detailV2,ACTIVE,Account|Bet History|Bonus|Deposit|Earn Filcoins|Filcoins Mall|Game|Home|Home (guest)|Login|My|My Free Spins|Register|Rewards|Sidebar|Sidebar (guest)|Transaction|VIP Center|Withdraw,daily task Go 1|daily task Go 2|daily task Go 3|daily task Go 4|daily task Go 5|daily task Go 6|daily task Go 7|daily task Go 8|daily task Go 9|page initialization|password login|refresh balance|start first free-spin game,200,true,authenticated client session (t header),none observed,client/member,埋点详情V2-todo,31
GET,https://client-fat.filbet2025.com,/member/detail,ACTIVE,Account|Bet History|Bonus|Deposit|Earn Filcoins|Filcoins Mall|Game|Home|Login|My|My Free Spins|Rewards|Sidebar|Transaction|VIP Center|Withdraw,daily task Go 1|daily task Go 2|daily task Go 3|daily task Go 4|daily task Go 5|daily task Go 6|daily task Go 7|daily task Go 8|daily task Go 9|page initialization|password login|primary navigation/action|refresh balance|start first free-spin game,200,true,authenticated client session (t header),none observed,client/member,获取会员信息-seven-aliang(20260424),49
GET,https://client-fat.filbet2025.com,/member/fav/list,ACTIVE,Account|Bet History|Bonus|Deposit|Earn Filcoins|Filcoins Mall|Game|Home|Login|My|My Free Spins|Rewards|Sidebar|Transaction|VIP Center|Withdraw,daily task Go 1|daily task Go 2|daily task Go 3|daily task Go 4|daily task Go 5|daily task Go 6|daily task Go 7|daily task Go 8|daily task Go 9|page initialization|password login|refresh balance|start first free-spin game,200,true,authenticated client session (t header),none observed,client/game,游戏收藏列表-light,27
GET,https://client-fat.filbet2025.com,/member/fb/list,ACTIVE,Account|Bet History|Bonus|Deposit|Earn Filcoins|Filcoins Mall|Game|Home|Home (guest)|Login|My|My Free Spins|Register|Rewards|Sidebar|Sidebar (guest)|Transaction|VIP Center|Withdraw,daily task Go 1|daily task Go 2|daily task Go 3|daily task Go 4|daily task Go 5|daily task Go 6|daily task Go 7|daily task Go 8|daily task Go 9|page initialization|password login|refresh balance|start first free-spin game,200,true,authenticated client session (t header),none observed,client/member,三方登录列表,31
GET,https://client-fat.filbet2025.com,/member/filcoin/balance,ACTIVE,Earn Filcoins|Filcoins Mall|My Free Spins|Rewards|Sidebar,daily task Go 1|daily task Go 2|daily task Go 3|daily task Go 4|daily task Go 5|daily task Go 6|daily task Go 7|daily task Go 8|daily task Go 9|page initialization|primary navigation/action,200,true,authenticated client session (t header),none observed,client/member,代币余额 - felix,15
GET,https://client-fat.filbet2025.com,/member/game/bet/list,ACTIVE,Bet History,primary navigation/action,200,true,authenticated client session (t header),none observed,client/game,游戏记录-wesley,1
GET,https://client-fat.filbet2025.com,/member/game/listRw,ACTIVE,Earn Filcoins|Game,daily task Go 1|daily task Go 2|daily task Go 3|daily task Go 4|daily task Go 5|open Providers|open Sort By|page initialization|select Arcade tab|select Live tab|select Lottery tab|select Table tab|sort Newest,200,true,authenticated client session (t header),none observed,client/game,游戏查询语句组合-benjie,13
GET,https://client-fat.filbet2025.com,/member/goods/list,ACTIVE,Filcoins Mall,primary navigation/action,200,true,authenticated client session (t header),none observed,client/member,商品列表 - felix,1
GET,https://client-fat.filbet2025.com,/member/home/sections,ACTIVE,Earn Filcoins|Home|Home (guest)|Login|Register|Sidebar|Sidebar (guest),daily task Go 6|daily task Go 7|daily task Go 8|page initialization|password login|refresh balance,200,true,authenticated client session (t header),none observed,client/member,首页板块列表,11
GET,https://client-fat.filbet2025.com,/member/index,ACTIVE,Account|Bet History|Bonus|Deposit|Earn Filcoins|Filcoins Mall|Game|Home|Home (guest)|Login|My|My Free Spins|Register|Rewards|Sidebar|Sidebar (guest)|Transaction|VIP Center|Withdraw,daily task Go 1|daily task Go 2|daily task Go 3|daily task Go 4|daily task Go 5|daily task Go 6|daily task Go 7|daily task Go 8|daily task Go 9|page initialization|password login|refresh balance|start first free-spin game,200,true,authenticated client session (t header),none observed,client/game,首页缓存,31
GET,https://client-fat.filbet2025.com,/member/introduce/complex,ACTIVE,My Free Spins|Rewards,page initialization,200,true,authenticated client session (t header),none observed,client/member,网站介绍,2
GET,https://client-fat.filbet2025.com,/member/kyc/detail,ACTIVE,Account,primary navigation/action,200,true,authenticated client session (t header),none observed,client/kyc,获取 kyc 详情 -- double/cold,1
GET,https://client-fat.filbet2025.com,/member/materials/list,ACTIVE,Account|Bet History|Bonus|Deposit|Earn Filcoins|Filcoins Mall|Game|Home|Home (guest)|Login|My|My Free Spins|Register|Rewards|Sidebar|Sidebar (guest)|Transaction|VIP Center|Withdraw,daily task Go 1|daily task Go 2|daily task Go 3|daily task Go 4|daily task Go 5|daily task Go 6|daily task Go 7|daily task Go 8|daily task Go 9|page initialization|password login|primary navigation/action|refresh balance|start first free-spin game,200,true,authenticated client session (t header),none observed,client/member,素材列表,99
GET,https://client-fat.filbet2025.com,/member/message/has_unread,ACTIVE,Account|Bet History|Bonus|Deposit|Earn Filcoins|Home|My|Sidebar|Transaction|VIP Center|Withdraw,daily task Go 6|daily task Go 7|daily task Go 8|page initialization|refresh balance,200,true,authenticated client session (t header),none observed,client/member,是否有未读信息-todo,22
GET,https://client-fat.filbet2025.com,/member/message/popup_list,ACTIVE,Account|Bet History|Bonus|Deposit|Earn Filcoins|Filcoins Mall|Game|Home|Login|My|My Free Spins|Rewards|Sidebar|Transaction|VIP Center|Withdraw,daily task Go 1|daily task Go 2|daily task Go 3|daily task Go 4|daily task Go 5|daily task Go 6|daily task Go 7|daily task Go 8|daily task Go 9|page initialization|password login|refresh balance|start first free-spin game,200,true,authenticated client session (t header),none observed,client/member,获取弹窗站内信列表-todo,27
GET,https://client-fat.filbet2025.com,/member/system,ACTIVE,Account|Bet History|Bonus|Deposit|Login|My|Register|Transaction|VIP Center|Withdraw,page initialization|password login|primary navigation/action,200,true,authenticated client session (t header),none observed,client/member,获取系统配置,12
GET,https://client-fat.filbet2025.com,/member/v2/index,ACTIVE,Account|Bet History|Bonus|Deposit|Earn Filcoins|Filcoins Mall|Game|Home|Home (guest)|Login|My|My Free Spins|Register|Rewards|Sidebar|Sidebar (guest)|Transaction|VIP Center|Withdraw,daily task Go 1|daily task Go 2|daily task Go 3|daily task Go 4|daily task Go 5|daily task Go 6|daily task Go 7|daily task Go 8|daily task Go 9|page initialization|password login|refresh balance|start first free-spin game,200,true,authenticated client session (t header),none observed,client/game,首页缓存v2-owen,69
GET,https://client-fat.filbet2025.com,/member/vip/level/detail,ACTIVE,Account|Bet History|Bonus|Deposit|My|Sidebar|Transaction|VIP Center|Withdraw,page initialization|primary navigation/action,200,true,authenticated client session (t header),none observed,client/member,会员vip等级详情,10
GET,https://client-fat.filbet2025.com,/member/vip/rule,ACTIVE,Account|Bet History|Bonus|Deposit|My|Sidebar|Transaction|VIP Center|Withdraw,page initialization|primary navigation/action,200,true,authenticated client session (t header),none observed,client/member,VIP配置规则-todo,10
GET,https://client-fat.filbet2025.com,/promo/blindbox/detail,MISCLASSIFIED,Account|Bet History|Bonus|Deposit|Earn Filcoins|Filcoins Mall|Game|Home|Login|My|My Free Spins|Rewards|Sidebar|Transaction|VIP Center|Withdraw,daily task Go 1|daily task Go 2|daily task Go 3|daily task Go 4|daily task Go 5|daily task Go 6|daily task Go 7|daily task Go 8|daily task Go 9|page initialization|password login|refresh balance|start first free-spin game,200,true,authenticated client session (t header),none observed,unknown/promo,获取盲盒详情 - felix,27
GET,https://client-fat.filbet2025.com,/promo/blindbox/query/bonus,MISCLASSIFIED,Account|Bet History|Bonus|Deposit|Earn Filcoins|Filcoins Mall|Game|Home|Login|My|My Free Spins|Rewards|Sidebar|Transaction|VIP Center|Withdraw,daily task Go 1|daily task Go 2|daily task Go 3|daily task Go 4|daily task Go 5|daily task Go 6|daily task Go 7|daily task Go 8|daily task Go 9|page initialization|password login|refresh balance|start first free-spin game,200,true,authenticated client session (t header),none observed,unknown/promo,查询盲盒待领取记录,27
GET,https://client-fat.filbet2025.com,/promo/blindbox/transaction/bonus,MISCLASSIFIED,Bonus,primary navigation/action,200,true,authenticated client session (t header),none observed,unknown/finance,bonus列表 - felix|公共礼金列表记录|领取记录|领取记录列表,1
GET,https://client-fat.filbet2025.com,/promo/bonus/total,MISCLASSIFIED,My Free Spins|Rewards,page initialization,200,true,authenticated client session (t header),none observed,unknown/promo,获取礼金总计,2
GET,https://client-fat.filbet2025.com,/promo/deposit/ladder/deposit/conf,MISCLASSIFIED,Account|Bet History|Bonus|Deposit|Earn Filcoins|Home|My|Sidebar|Transaction|VIP Center|Withdraw,daily task Go 6|daily task Go 7|daily task Go 8|page initialization|refresh balance,200,true,authenticated client session (t header),none observed,unknown/finance,存款阶梯配置活动,15
GET,https://client-fat.filbet2025.com,/promo/deposit/ladder/detail,MISCLASSIFIED,My Free Spins|Rewards,page initialization,200,true,authenticated client session (t header),none observed,unknown/finance,存款阶梯活动详情,2
GET,https://client-fat.filbet2025.com,/promo/filpcard/detail,MISCLASSIFIED,Account|Bet History|Bonus|Deposit|Earn Filcoins|Filcoins Mall|Game|Home|Login|My|My Free Spins|Rewards|Sidebar|Transaction|VIP Center|Withdraw,daily task Go 1|daily task Go 2|daily task Go 3|daily task Go 4|daily task Go 5|daily task Go 6|daily task Go 7|daily task Go 8|daily task Go 9|page initialization|password login|refresh balance|start first free-spin game,200,true,authenticated client session (t header),none observed,unknown/promo,活动详情,53
GET,https://client-fat.filbet2025.com,/promo/rotate/bet/detail,ACTIVE,Earn Filcoins|Home|Home (guest)|Login|My Free Spins|Register|Rewards|Sidebar|Sidebar (guest),daily task Go 6|daily task Go 7|daily task Go 8|open Daily Rewards|page initialization|password login|refresh balance,200,true,authenticated client session (t header),none observed,client/kyc|client/promo|unknown/promo,弹目消息|活动详情|福利详情|详情(老页面),28
GET,https://client-fat.filbet2025.com,/promo/rotate/kyc/detail,ACTIVE,Account|Bet History|Bonus|Deposit|Earn Filcoins|Filcoins Mall|Game|Home|Login|My|My Free Spins|Rewards|Sidebar|Transaction|VIP Center|Withdraw,daily task Go 1|daily task Go 2|daily task Go 3|daily task Go 4|daily task Go 5|daily task Go 6|daily task Go 7|daily task Go 8|daily task Go 9|page initialization|password login|primary navigation/action|refresh balance|start first free-spin game,200,true,authenticated client session (t header),none observed,client/kyc,详情,103
GET,https://client-fat.filbet2025.com,/promo/rotate/total,MISCLASSIFIED,My Free Spins|Rewards,page initialization,200,true,authenticated client session (t header),none observed,unknown/promo,获取历史总旋转次数,2
GET,https://client-fat.filbet2025.com,/promo/rotation/detail,ACTIVE,My Free Spins,start first free-spin game,200,true,authenticated client session (t header),none observed,client/game,详情(选择厂商或游戏),1
GET,https://client-fat.filbet2025.com,/promo/rotation/list,ACTIVE,My Free Spins,primary navigation/action|select Ended tab|select In Use tab|start first free-spin game,200,true,authenticated client session (t header),none observed,client/promo,列表,8
GET,https://client-fat.filbet2025.com,/promo/rotation/summary,ACTIVE,My Free Spins,primary navigation/action|select Ended tab|select In Use tab|start first free-spin game,200,true,authenticated client session (t header),none observed,client/report,统计,4
GET,https://client-fat.filbet2025.com,/promo/slot/machine/detail,MISCLASSIFIED,Account|Bet History|Bonus|Deposit|Earn Filcoins|Filcoins Mall|Game|Home|Login|My|My Free Spins|Rewards|Sidebar|Transaction|VIP Center|Withdraw,daily task Go 1|daily task Go 2|daily task Go 3|daily task Go 4|daily task Go 5|daily task Go 6|daily task Go 7|daily task Go 8|daily task Go 9|page initialization|password login|refresh balance|start first free-spin game,200,true,authenticated client session (t header),none observed,unknown/promo,实时滚动有效投注top100|实时滚动负盈利排行榜|排行榜详情,27
GET,https://client-fat.filbet2025.com,/promo/task/daily/claim,ACTIVE,Earn Filcoins,daily task Go 9,200,true,authenticated client session (t header),POTENTIAL_REWARD_CLAIM: endpoint returned business success after clicking Go; durable change not verified,client/promo,领取日常任务-seven,1
GET,https://client-fat.filbet2025.com,/promo/task/daily/list,ACTIVE,Earn Filcoins|Filcoins Mall,daily task Go 1|daily task Go 2|daily task Go 3|daily task Go 4|daily task Go 5|daily task Go 6|daily task Go 7|daily task Go 8|daily task Go 9|page initialization,200,true,authenticated client session (t header),none observed,client/promo,日常任务列表-seven,23
GET,https://client-fat.filbet2025.com,/promo/task/newbie/daily,ACTIVE,Earn Filcoins|Filcoins Mall,daily task Go 1|daily task Go 2|daily task Go 3|daily task Go 4|daily task Go 5|daily task Go 6|daily task Go 7|daily task Go 8|daily task Go 9|page initialization,200,true,authenticated client session (t header),none observed,client/promo,签到任务详情-seven,11
GET,https://client-fat.filbet2025.com,/promo/task/newbie/list,ACTIVE,Earn Filcoins|Filcoins Mall,daily task Go 1|daily task Go 2|daily task Go 3|daily task Go 4|daily task Go 5|daily task Go 6|daily task Go 7|daily task Go 8|daily task Go 9|page initialization,200,true,authenticated client session (t header),none observed,client/promo,新人任务列表-seven,22
GET,https://client-fat.filbet2025.com,/promo/turntable/detail,ACTIVE_FAILED,Account|Bet History|Bonus|Deposit|Earn Filcoins|Filcoins Mall|Game|Home|Login|My|My Free Spins|Rewards|Sidebar|Transaction|VIP Center|Withdraw,daily task Go 1|daily task Go 2|daily task Go 3|daily task Go 4|daily task Go 5|daily task Go 6|daily task Go 7|daily task Go 8|daily task Go 9|page initialization|password login|refresh balance|start first free-spin game,200,false,authenticated client session (t header),none observed,unknown/promo,活动详情,53
GET,https://client-fat.filbet2025.com,/promo/turntable/num,MISCLASSIFIED,Account|Bet History|Bonus|Deposit|Earn Filcoins|Filcoins Mall|Game|Home|Login|My|My Free Spins|Rewards|Sidebar|Transaction|VIP Center|Withdraw,daily task Go 1|daily task Go 2|daily task Go 3|daily task Go 4|daily task Go 5|daily task Go 6|daily task Go 7|daily task Go 8|daily task Go 9|page initialization|password login|refresh balance|start first free-spin game,200,true,authenticated client session (t header),none observed,unknown/promo,剩余次数,27
GET,https://client-fat.filbet2025.com,/promo/vip/config,ACTIVE,VIP Center,primary navigation/action,200,true,authenticated client session (t header),none observed,client/promo,vip配置,1
GET,https://client-fat.filbet2025.com,/promo/vip/log/list,ACTIVE,VIP Center,primary navigation/action,200,true,authenticated client session (t header),none observed,client/promo,待领取奖励列表-aliang,2
GET,https://client-fat.filbet2025.com,/promo/vip/sign/in/config,ACTIVE,Account|Bet History|Bonus|Deposit|Earn Filcoins|Filcoins Mall|Game|Home|Login|My|My Free Spins|Rewards|Sidebar|Transaction|VIP Center|Withdraw,daily task Go 1|daily task Go 2|daily task Go 3|daily task Go 4|daily task Go 5|daily task Go 6|daily task Go 7|daily task Go 8|daily task Go 9|page initialization|password login|primary navigation/action|refresh balance|start first free-spin game,200,true,authenticated client session (t header),none observed,client/promo,签到配置,36
GET,https://pwa.filbet.com,/filbet/dev/v20260129/assets/lotties/ace_daily_float_btn.lottie,THIRD_PARTY,Earn Filcoins|Home|Sidebar,daily task Go 6|daily task Go 7|daily task Go 8|page initialization|refresh balance,200,UNAVAILABLE,guest or no auth header observed,none observed,,,14
GET,https://www.googletagmanager.com,/a,THIRD_PARTY,My,page initialization,200,UNAVAILABLE,guest or no auth header observed,none observed,,,1
GET,https://www.googletagmanager.com,/td,THIRD_PARTY,Earn Filcoins,page initialization,204,UNAVAILABLE,guest or no auth header observed,none observed,,,1
POST,https://client-fat.filbet2025.com,/member/channel/trackclick,ACTIVE,Account|Bet History|Bonus|Deposit|Earn Filcoins|Filcoins Mall|Game|Home|Home (guest)|Login|My|My Free Spins|Register|Rewards|Sidebar|Sidebar (guest)|Transaction|VIP Center|Withdraw,daily task Go 1|daily task Go 2|daily task Go 3|daily task Go 4|daily task Go 5|daily task Go 6|daily task Go 7|daily task Go 8|daily task Go 9|page initialization|password login|refresh balance|start first free-spin game,200,true,authenticated client session (t header),request emitted; no durable business change observed by this discovery action,client/member,渠道跟踪点击-todo,31
POST,https://client-fat.filbet2025.com,/member/game/rank,ACTIVE,Earn Filcoins|Home|Home (guest)|Login|Register|Sidebar|Sidebar (guest),daily task Go 6|daily task Go 7|daily task Go 8|page initialization|password login|refresh balance,200,true,authenticated client session (t header),request emitted; no durable business change observed by this discovery action,client/game,游戏排名-benjie,22
POST,https://client-fat.filbet2025.com,/member/v2/login,ACTIVE,Login,password login,200,true,authenticated client session (t header),authenticated browser session established,client/auth,密码登陆v2-ducky,1
POST,https://web-pp6o4v.opoinstalljs.com,/web/pp6o4v/clientf/init2,THIRD_PARTY,Account|Bet History|Bonus|Deposit|Earn Filcoins|Filcoins Mall|Game|Home|Home (guest)|Login|My|My Free Spins|Register|Rewards|Sidebar|Sidebar (guest)|Transaction|VIP Center|Withdraw,daily task Go 1|daily task Go 2|daily task Go 3|daily task Go 4|daily task Go 5|daily task Go 6|daily task Go 7|daily task Go 8|daily task Go 9|page initialization|password login|refresh balance|start first free-spin game,200,UNAVAILABLE,guest or no auth header observed,request emitted; no durable business change observed by this discovery action,,,31
POST,https://www.google-analytics.com,/g/collect,THIRD_PARTY,Account|Earn Filcoins|Filcoins Mall|Game|Home|Home (guest)|Login|My Free Spins|Register|Rewards|Sidebar|Sidebar (guest)|Transaction,daily task Go 1|daily task Go 2|daily task Go 3|daily task Go 4|daily task Go 5|daily task Go 6|daily task Go 7|daily task Go 8|daily task Go 9|open All Status filter|open Lucky 7 rules|page initialization|password login|primary navigation/action|refresh balance|request SMS code|select All Filcoins range|select Arcade tab|select Ended tab|start first free-spin game|switch Password tab,204,UNAVAILABLE,guest or no auth header observed,request emitted; no durable business change observed by this discovery action,,,39
POST,https://www.google.com,/ccm/collect,THIRD_PARTY,Filcoins Mall|Game,page initialization|select Slot tab,200,UNAVAILABLE,guest or no auth header observed,request emitted; no durable business change observed by this discovery action,,,4
POST,https://www.google.com,/rmkt/collect/{id}/,THIRD_PARTY,Filcoins Mall|Game,page initialization|select Slot tab,200,UNAVAILABLE,guest or no auth header observed,request emitted; no durable business change observed by this discovery action,,,4
