method,path,document_name,document_category,document_source,classification,ui_evidence,reason
GET,/agency/commission/trans/list,佣金账变,client/finance,前台/财务/佣金账变.bru,DOCUMENTED_UNVERIFIED,,not observed in the current UI interaction coverage; reachability and staleness not yet proven
GET,/agency/logout,退出登陆-wesley,client/auth,代理后台/登陆/退出登陆-wesley.bru,DOCUMENTED_UNVERIFIED,,not observed in the current UI interaction coverage; reachability and staleness not yet proven
GET,/finance/account/delete,提款账号删除-wesley,client/finance,前台/财务/提款账号删除-wesley.bru,DOCUMENTED_UNVERIFIED,,not observed in the current UI interaction coverage; reachability and staleness not yet proven
GET,/finance/account/list,提款账户列表-wesley,client/finance,前台/财务/提款账户列表-wesley.bru,ACTIVE,fat-client-network.json action=account__primary_navigation_action; records=1282|fat-client-network.json action=withdraw__page_initialization; records=1099,observed in FAT UI Network
GET,/finance/channel/list,获取支付通道列表-wesley,client/finance,前台/财务/获取支付通道列表-wesley.bru,ACTIVE,fat-client-network.json action=account__primary_navigation_action; records=1283|fat-client-network.json action=deposit__page_initialization; records=1014|fat-client-network.json action=withdraw__page_initialization; records=1098|1100,observed in FAT UI Network
GET,/finance/channel/product/list,获取支付通道商品列表,client/finance,前台/财务/获取支付通道商品列表.bru,DOCUMENTED_UNVERIFIED,,not observed in the current UI interaction coverage; reachability and staleness not yet proven
GET,/finance/deposit/detail,充值详情,client/finance,前台/财务/充值详情.bru,DOCUMENTED_UNVERIFIED,,not observed in the current UI interaction coverage; reachability and staleness not yet proven
GET,/finance/deposit/list,充值记录-wesley,client/finance,前台/财务/充值记录-wesley.bru,ACTIVE,fat-client-network.json action=transaction__primary_navigation_action; records=1145,observed in FAT UI Network
GET,/finance/member/buyfeatures,购买免费旋转游戏列表,client/finance,前台/财务/购买免费旋转游戏列表.bru,ACTIVE,fat-client-network.json action=withdraw__page_initialization; records=1058|1102,observed in FAT UI Network
GET,/finance/payment/bank/list,银行列表,client/finance,前台/财务/银行列表.bru,DOCUMENTED_UNVERIFIED,,not observed in the current UI interaction coverage; reachability and staleness not yet proven
GET,/finance/payment/deposit,充值-wesley/cold,client/finance,前台/财务/充值-wesley-cold.bru,DOCUMENTED_UNVERIFIED,,not observed in the current UI interaction coverage; reachability and staleness not yet proven
GET,/finance/payment/tab/list,提现tab,client/finance,前台/财务/提现tab.bru,ACTIVE,fat-client-network.json action=account__primary_navigation_action; records=1284|fat-client-network.json action=withdraw__page_initialization; records=1101,observed in FAT UI Network
GET,/finance/payment/withdraw,提现-wesley/cold,client/finance,前台/财务/提现-wesley-cold.bru,DOCUMENTED_UNVERIFIED,,not observed in the current UI interaction coverage; reachability and staleness not yet proven
GET,/finance/transaction/list,获取交易记录- wesley/alex,client/finance,前台/财务/获取交易记录- wesley-alex.bru,DOCUMENTED_UNVERIFIED,,not observed in the current UI interaction coverage; reachability and staleness not yet proven
GET,/finance/transaction/types,账变字典,client/finance,前台/财务/账变字典.bru,DOCUMENTED_UNVERIFIED,,not observed in the current UI interaction coverage; reachability and staleness not yet proven
GET,/finance/wallet,会员钱包-wesley,client/finance,前台/财务/会员钱包-wesley.bru,ACTIVE,fat-client-network.json action=account__page_initialization; records=1251|1264|fat-client-network.json action=bet_history__page_initialization; records=1158|1180|fat-client-network.json action=bonus__page_initialization; records=1199|1223|fat-client-network.json action=deposit__page_initialization; records=1032|1040|fat-client-network.json action=earn_filcoins__daily_task_go_1; records=518|fat-client-network.json action=earn_filcoins__daily_task_go_2; records=556|fat-client-network.json action=earn_filcoins__daily_task_go_3; records=594|fat-client-network.json action=earn_filcoins__daily_task_go_4; records=632|fat-client-network.json action=earn_filcoins__daily_task_go_5; records=670|fat-client-network.json action=earn_filcoins__daily_task_go_6; records=708|729|fat-client-network.json action=earn_filcoins__daily_task_go_7; records=758|779|fat-client-network.json action=earn_filcoins__daily_task_go_8; records=805|829|fat-client-network.json action=earn_filcoins__daily_task_go_9; records=858|fat-client-network.json action=earn_filcoins__page_initialization; records=481|fat-client-network.json action=filcoins_mall__page_initialization; records=902|fat-client-network.json action=free_spins__page_initialization; records=399|fat-client-network.json action=free_spins__start_first_free_spin_game; records=443|fat-client-network.json action=game__page_initialization; records=936|fat-client-network.json action=home__page_initialization; records=150|170|fat-client-network.json action=home__refresh_balance; records=212|218|231|fat-client-network.json action=login_success__password_login; records=124|fat-client-network.json action=my__page_initialization; records=296|321|fat-client-network.json action=my__refresh_balance; records=331|fat-client-network.json action=rewards__page_initialization; records=360|fat-client-network.json action=sidebar__page_initialization; records=259|264|fat-client-network.json action=transaction__page_initialization; records=1111|1136|fat-client-network.json action=vip__page_initialization; records=978|988|fat-client-network.json action=withdraw__page_initialization; records=1063|1075|1088,observed in FAT UI Network
GET,/finance/withdraw/detail,提现详情,client/finance,前台/财务/提现详情.bru,DOCUMENTED_UNVERIFIED,,not observed in the current UI interaction coverage; reachability and staleness not yet proven
GET,/finance/withdraw/list,提现记录-wesley,client/finance,前台/财务/提现记录-wesley.bru,ACTIVE,fat-client-network.json action=transaction__select_withdraw_tab; records=1146,observed in FAT UI Network
GET,/member/agency/audit/results,代理审核结果,client/member,前台/代理/代理审核结果.bru,DOCUMENTED_UNVERIFIED,,not observed in the current UI interaction coverage; reachability and staleness not yet proven
GET,/member/agency/problem/list,代理申请问题列表,client/member,前台/代理/代理申请问题列表.bru,DOCUMENTED_UNVERIFIED,,not observed in the current UI interaction coverage; reachability and staleness not yet proven
GET,/member/app/version,app最新版本信息获取,client/member,前台/配置/app最新版本信息获取.bru,DOCUMENTED_UNVERIFIED,,not observed in the current UI interaction coverage; reachability and staleness not yet proven
GET,/member/avatar/list,会员头像列表-ducky,client/member,前台/会员信息/会员头像列表-ducky.bru,DOCUMENTED_UNVERIFIED,,not observed in the current UI interaction coverage; reachability and staleness not yet proven
GET,/member/bigprize/list,爆奖列表,client/member,前台/爆奖信息/爆奖列表.bru,ACTIVE,fat-client-network.json action=earn_filcoins__daily_task_go_6; records=724|fat-client-network.json action=earn_filcoins__daily_task_go_7; records=774|fat-client-network.json action=earn_filcoins__daily_task_go_8; records=824|fat-client-network.json action=home__page_initialization; records=145|fat-client-network.json action=home__refresh_balance; records=207|fat-client-network.json action=home_guest__page_initialization; records=10|fat-client-network.json action=login__page_initialization; records=55|fat-client-network.json action=login_success__password_login; records=105|fat-client-network.json action=register__page_initialization; records=78|fat-client-network.json action=sidebar__page_initialization; records=254|fat-client-network.json action=sidebar_guest__page_initialization; records=26,observed in FAT UI Network
GET,/member/buriedPoint/detail,埋点详情-todo,client/member,前台/埋点/埋点详情-todo.bru,DOCUMENTED_UNVERIFIED,,not observed in the current UI interaction coverage; reachability and staleness not yet proven
GET,/member/buriedPoint/detailV2,埋点详情V2-todo,client/member,前台/埋点/埋点详情V2-todo.bru,ACTIVE,fat-client-network.json action=account__page_initialization; records=1243|fat-client-network.json action=bet_history__page_initialization; records=1173|fat-client-network.json action=bonus__page_initialization; records=1214|fat-client-network.json action=deposit__page_initialization; records=1020|fat-client-network.json action=earn_filcoins__daily_task_go_1; records=507|fat-client-network.json action=earn_filcoins__daily_task_go_2; records=545|fat-client-network.json action=earn_filcoins__daily_task_go_3; records=583|fat-client-network.json action=earn_filcoins__daily_task_go_4; records=621|fat-client-network.json action=earn_filcoins__daily_task_go_5; records=659|fat-client-network.json action=earn_filcoins__daily_task_go_6; records=700|fat-client-network.json action=earn_filcoins__daily_task_go_7; records=747|fat-client-network.json action=earn_filcoins__daily_task_go_8; records=791|fat-client-network.json action=earn_filcoins__daily_task_go_9; records=847|fat-client-network.json action=earn_filcoins__page_initialization; records=475|fat-client-network.json action=filcoins_mall__page_initialization; records=891|fat-client-network.json action=free_spins__page_initialization; records=392|fat-client-network.json action=free_spins__start_first_free_spin_game; records=434|fat-client-network.json action=game__page_initialization; records=927|fat-client-network.json action=home__page_initialization; records=163|fat-client-network.json action=home__refresh_balance; records=197|fat-client-network.json action=home_guest__page_initialization; records=5|fat-client-network.json action=login__page_initialization; records=50|fat-client-network.json action=login_success__password_login; records=100|fat-client-network.json action=my__page_initialization; records=312|fat-client-network.json action=register__page_initialization; records=82|fat-client-network.json action=rewards__page_initialization; records=354|fat-client-network.json action=sidebar__page_initialization; records=244|fat-client-network.json action=sidebar_guest__page_initialization; records=35|fat-client-network.json action=transaction__page_initialization; records=1123|fat-client-network.json action=vip__page_initialization; records=967|fat-client-network.json action=withdraw__page_initialization; records=1076,observed in FAT UI Network
GET,/member/channel/detail,渠道详情-todo,client/member,前台/渠道/渠道详情-todo.bru,DOCUMENTED_UNVERIFIED,,not observed in the current UI interaction coverage; reachability and staleness not yet proven
GET,/member/detail,获取会员信息-seven-aliang(20260424),client/member,前台/会员信息/获取会员信息-seven-aliang(20260424).bru,ACTIVE,fat-client-network.json action=account__page_initialization; records=1246|1261|1267|fat-client-network.json action=account__primary_navigation_action; records=1277|1280|fat-client-network.json action=bet_history__page_initialization; records=1155|1161|1176|fat-client-network.json action=bonus__page_initialization; records=1196|1202|1217|fat-client-network.json action=deposit__page_initialization; records=1023|1029|1035|fat-client-network.json action=earn_filcoins__daily_task_go_1; records=510|fat-client-network.json action=earn_filcoins__daily_task_go_2; records=548|fat-client-network.json action=earn_filcoins__daily_task_go_3; records=586|fat-client-network.json action=earn_filcoins__daily_task_go_4; records=624|fat-client-network.json action=earn_filcoins__daily_task_go_5; records=662|fat-client-network.json action=earn_filcoins__daily_task_go_6; records=703|fat-client-network.json action=earn_filcoins__daily_task_go_7; records=750|fat-client-network.json action=earn_filcoins__daily_task_go_8; records=794|fat-client-network.json action=earn_filcoins__daily_task_go_9; records=850|fat-client-network.json action=earn_filcoins__page_initialization; records=478|fat-client-network.json action=filcoins_mall__page_initialization; records=894|fat-client-network.json action=free_spins__page_initialization; records=395|fat-client-network.json action=free_spins__start_first_free_spin_game; records=437|fat-client-network.json action=game__page_initialization; records=930|fat-client-network.json action=home__page_initialization; records=166|fat-client-network.json action=home__refresh_balance; records=200|fat-client-network.json action=login_success__password_login; records=122|fat-client-network.json action=my__page_initialization; records=293|299|315|fat-client-network.json action=rewards__page_initialization; records=357|fat-client-network.json action=sidebar__page_initialization; records=247|fat-client-network.json action=sidebar__primary_navigation_action; records=278|279|fat-client-network.json action=transaction__page_initialization; records=1108|1114|1126|fat-client-network.json action=vip__page_initialization; records=970|975|981|fat-client-network.json action=vip__primary_navigation_action; records=1001|1002|fat-client-network.json action=withdraw__page_initialization; records=1060|1066|1079,observed in FAT UI Network
GET,/member/facebook_link,facebook oauth链接-ducky,client/member,前台/会员信息/facebook oauth链接-ducky.bru,DOCUMENTED_UNVERIFIED,,not observed in the current UI interaction coverage; reachability and staleness not yet proven
GET,/member/faq,3-获取FAQ  -cold,client/game,前台/游戏/3-获取FAQ  -cold.bru,DOCUMENTED_UNVERIFIED,,not observed in the current UI interaction coverage; reachability and staleness not yet proven
GET,/member/fav/delete,删除游戏收藏-light,client/game,前台/游戏/删除游戏收藏-light.bru,DOCUMENTED_UNVERIFIED,,not observed in the current UI interaction coverage; reachability and staleness not yet proven
GET,/member/fav/insert,添加游戏收藏-light,client/game,前台/游戏/添加游戏收藏-light.bru,DOCUMENTED_UNVERIFIED,,not observed in the current UI interaction coverage; reachability and staleness not yet proven
GET,/member/fav/list,游戏收藏列表-light,client/game,前台/游戏/游戏收藏列表-light.bru,ACTIVE,fat-client-network.json action=account__page_initialization; records=1252|fat-client-network.json action=bet_history__page_initialization; records=1181|fat-client-network.json action=bonus__page_initialization; records=1224|fat-client-network.json action=deposit__page_initialization; records=1041|fat-client-network.json action=earn_filcoins__daily_task_go_1; records=519|fat-client-network.json action=earn_filcoins__daily_task_go_2; records=557|fat-client-network.json action=earn_filcoins__daily_task_go_3; records=595|fat-client-network.json action=earn_filcoins__daily_task_go_4; records=633|fat-client-network.json action=earn_filcoins__daily_task_go_5; records=671|fat-client-network.json action=earn_filcoins__daily_task_go_6; records=709|fat-client-network.json action=earn_filcoins__daily_task_go_7; records=759|fat-client-network.json action=earn_filcoins__daily_task_go_8; records=806|fat-client-network.json action=earn_filcoins__daily_task_go_9; records=859|fat-client-network.json action=earn_filcoins__page_initialization; records=482|fat-client-network.json action=filcoins_mall__page_initialization; records=903|fat-client-network.json action=free_spins__page_initialization; records=400|fat-client-network.json action=free_spins__start_first_free_spin_game; records=444|fat-client-network.json action=game__page_initialization; records=937|fat-client-network.json action=home__page_initialization; records=171|fat-client-network.json action=home__refresh_balance; records=219|fat-client-network.json action=login_success__password_login; records=125|fat-client-network.json action=my__page_initialization; records=322|fat-client-network.json action=rewards__page_initialization; records=361|fat-client-network.json action=sidebar__page_initialization; records=265|fat-client-network.json action=transaction__page_initialization; records=1137|fat-client-network.json action=vip__page_initialization; records=989|fat-client-network.json action=withdraw__page_initialization; records=1089,observed in FAT UI Network
GET,/member/fb/info,获取用户信息,client/member,前台/三方登录/获取用户信息.bru,DOCUMENTED_UNVERIFIED,,not observed in the current UI interaction coverage; reachability and staleness not yet proven
GET,/member/fb/list,三方登录列表,client/member,前台/三方登录/三方登录列表.bru,ACTIVE,fat-client-network.json action=account__page_initialization; records=1248|fat-client-network.json action=bet_history__page_initialization; records=1152|fat-client-network.json action=bonus__page_initialization; records=1219|fat-client-network.json action=deposit__page_initialization; records=1026|fat-client-network.json action=earn_filcoins__daily_task_go_1; records=515|fat-client-network.json action=earn_filcoins__daily_task_go_2; records=553|fat-client-network.json action=earn_filcoins__daily_task_go_3; records=591|fat-client-network.json action=earn_filcoins__daily_task_go_4; records=629|fat-client-network.json action=earn_filcoins__daily_task_go_5; records=667|fat-client-network.json action=earn_filcoins__daily_task_go_6; records=685|fat-client-network.json action=earn_filcoins__daily_task_go_7; records=755|fat-client-network.json action=earn_filcoins__daily_task_go_8; records=796|fat-client-network.json action=earn_filcoins__daily_task_go_9; records=855|fat-client-network.json action=earn_filcoins__page_initialization; records=468|fat-client-network.json action=filcoins_mall__page_initialization; records=899|fat-client-network.json action=free_spins__page_initialization; records=375|fat-client-network.json action=free_spins__start_first_free_spin_game; records=440|fat-client-network.json action=game__page_initialization; records=933|fat-client-network.json action=home__page_initialization; records=160|fat-client-network.json action=home__refresh_balance; records=202|fat-client-network.json action=home_guest__page_initialization; records=20|fat-client-network.json action=login__page_initialization; records=49|fat-client-network.json action=login_success__password_login; records=99|fat-client-network.json action=my__page_initialization; records=317|fat-client-network.json action=register__page_initialization; records=73|fat-client-network.json action=rewards__page_initialization; records=352|fat-client-network.json action=sidebar__page_initialization; records=249|fat-client-network.json action=sidebar_guest__page_initialization; records=37|fat-client-network.json action=transaction__page_initialization; records=1131|fat-client-network.json action=vip__page_initialization; records=972|fat-client-network.json action=withdraw__page_initialization; records=1084,observed in FAT UI Network
GET,/member/fb/url,fb-获取fb地址,client/member,前台/三方登录/fb-获取fb地址.bru,DOCUMENTED_UNVERIFIED,,not observed in the current UI interaction coverage; reachability and staleness not yet proven
GET,/member/feedback/history,feedback history-ducky,client/member,前台/feedback/feedback history-ducky.bru,DOCUMENTED_UNVERIFIED,,not observed in the current UI interaction coverage; reachability and staleness not yet proven
GET,/member/filcoin/balance,代币余额 - felix,client/member,前台/商城/代币余额 - felix.bru,ACTIVE,fat-client-network.json action=earn_filcoins__daily_task_go_1; records=495|fat-client-network.json action=earn_filcoins__daily_task_go_2; records=533|fat-client-network.json action=earn_filcoins__daily_task_go_3; records=571|fat-client-network.json action=earn_filcoins__daily_task_go_4; records=609|fat-client-network.json action=earn_filcoins__daily_task_go_5; records=647|fat-client-network.json action=earn_filcoins__daily_task_go_6; records=688|fat-client-network.json action=earn_filcoins__daily_task_go_7; records=740|fat-client-network.json action=earn_filcoins__daily_task_go_8; records=798|fat-client-network.json action=earn_filcoins__daily_task_go_9; records=836|870|fat-client-network.json action=earn_filcoins__page_initialization; records=458|fat-client-network.json action=filcoins_mall__page_initialization; records=884|fat-client-network.json action=free_spins__page_initialization; records=381|fat-client-network.json action=rewards__page_initialization; records=340|fat-client-network.json action=sidebar__primary_navigation_action; records=280,observed in FAT UI Network
GET,/member/game/bet/list,游戏记录-wesley,client/game,前台/游戏/游戏记录-wesley.bru,ACTIVE,fat-client-network.json action=bet_history__primary_navigation_action; records=1190,observed in FAT UI Network
GET,/member/game/list,游戏列表-light,client/game,前台/游戏/游戏列表-light.bru,DOCUMENTED_UNVERIFIED,,not observed in the current UI interaction coverage; reachability and staleness not yet proven
GET,/member/game/list/history,历史游戏列表-light,client/game,前台/游戏/历史游戏列表-light.bru,DOCUMENTED_UNVERIFIED,,not observed in the current UI interaction coverage; reachability and staleness not yet proven
GET,/member/game/list/recent,最近游戏-benjie,client/game,前台/游戏/最近游戏-benjie.bru,DOCUMENTED_UNVERIFIED,,not observed in the current UI interaction coverage; reachability and staleness not yet proven
GET,/member/game/list/recommend,推荐列表-benjie,client/game,前台/游戏/推荐列表-benjie.bru,DOCUMENTED_UNVERIFIED,,not observed in the current UI interaction coverage; reachability and staleness not yet proven
GET,/member/game/listRw,游戏查询语句组合-benjie,client/game,前台/游戏/游戏查询语句组合-benjie.bru,ACTIVE,fat-client-network.json action=earn_filcoins__daily_task_go_1; records=528|fat-client-network.json action=earn_filcoins__daily_task_go_2; records=566|fat-client-network.json action=earn_filcoins__daily_task_go_3; records=604|fat-client-network.json action=earn_filcoins__daily_task_go_4; records=642|fat-client-network.json action=earn_filcoins__daily_task_go_5; records=680|fat-client-network.json action=game__open_providers; records=957|fat-client-network.json action=game__open_sort_by; records=955|fat-client-network.json action=game__page_initialization; records=923|fat-client-network.json action=game__select_arcade_tab; records=952|fat-client-network.json action=game__select_live_tab; records=950|fat-client-network.json action=game__select_lottery_tab; records=954|fat-client-network.json action=game__select_table_tab; records=951|fat-client-network.json action=game__sort_newest; records=956,observed in FAT UI Network
GET,/member/game/rpt,回报率排名 (Highest RTP),client/game,前台/首页/回报率排名 (Highest RTP).bru,DOCUMENTED_UNVERIFIED,,not observed in the current UI interaction coverage; reachability and staleness not yet proven
GET,/member/goods/detail,商品详情 - felix,client/member,前台/商城/商品详情 - felix.bru,DOCUMENTED_UNVERIFIED,,not observed in the current UI interaction coverage; reachability and staleness not yet proven
GET,/member/goods/list,商品列表 - felix,client/member,前台/商城/商品列表 - felix.bru,ACTIVE,fat-client-network.json action=filcoins_mall__primary_navigation_action; records=912,observed in FAT UI Network
GET,/member/google_link,google oauth链接-ducky,client/member,前台/会员信息/google oauth链接-ducky.bru,DOCUMENTED_UNVERIFIED,,not observed in the current UI interaction coverage; reachability and staleness not yet proven
GET,/member/home/sections,首页板块列表,client/member,前台/首页/首页板块列表.bru,ACTIVE,fat-client-network.json action=earn_filcoins__daily_task_go_6; records=722|fat-client-network.json action=earn_filcoins__daily_task_go_7; records=772|fat-client-network.json action=earn_filcoins__daily_task_go_8; records=822|fat-client-network.json action=home__page_initialization; records=143|fat-client-network.json action=home__refresh_balance; records=205|fat-client-network.json action=home_guest__page_initialization; records=8|fat-client-network.json action=login__page_initialization; records=53|fat-client-network.json action=login_success__password_login; records=103|fat-client-network.json action=register__page_initialization; records=76|fat-client-network.json action=sidebar__page_initialization; records=252|fat-client-network.json action=sidebar_guest__page_initialization; records=24,observed in FAT UI Network
GET,/member/index,首页缓存,client/game,前台/游戏/首页缓存.bru,ACTIVE,fat-client-network.json action=account__page_initialization; records=1239|fat-client-network.json action=bet_history__page_initialization; records=1166|fat-client-network.json action=bonus__page_initialization; records=1207|fat-client-network.json action=deposit__page_initialization; records=1016|fat-client-network.json action=earn_filcoins__daily_task_go_1; records=502|fat-client-network.json action=earn_filcoins__daily_task_go_2; records=540|fat-client-network.json action=earn_filcoins__daily_task_go_3; records=578|fat-client-network.json action=earn_filcoins__daily_task_go_4; records=616|fat-client-network.json action=earn_filcoins__daily_task_go_5; records=654|fat-client-network.json action=earn_filcoins__daily_task_go_6; records=695|fat-client-network.json action=earn_filcoins__daily_task_go_7; records=736|fat-client-network.json action=earn_filcoins__daily_task_go_8; records=786|fat-client-network.json action=earn_filcoins__daily_task_go_9; records=843|fat-client-network.json action=earn_filcoins__page_initialization; records=471|fat-client-network.json action=filcoins_mall__page_initialization; records=880|fat-client-network.json action=free_spins__page_initialization; records=388|fat-client-network.json action=free_spins__start_first_free_spin_game; records=429|fat-client-network.json action=game__page_initialization; records=919|fat-client-network.json action=home__page_initialization; records=155|fat-client-network.json action=home__refresh_balance; records=191|fat-client-network.json action=home_guest__page_initialization; records=15|fat-client-network.json action=login__page_initialization; records=60|fat-client-network.json action=login_success__password_login; records=110|fat-client-network.json action=my__page_initialization; records=304|fat-client-network.json action=register__page_initialization; records=85|fat-client-network.json action=rewards__page_initialization; records=346|fat-client-network.json action=sidebar__page_initialization; records=238|fat-client-network.json action=sidebar_guest__page_initialization; records=31|fat-client-network.json action=transaction__page_initialization; records=1119|fat-client-network.json action=vip__page_initialization; records=963|fat-client-network.json action=withdraw__page_initialization; records=1071,observed in FAT UI Network
GET,/member/index/bigwin,big win,client/member,前台/首页/big win.bru,DOCUMENTED_UNVERIFIED,,not observed in the current UI interaction coverage; reachability and staleness not yet proven
GET,/member/introduce/complex,网站介绍,client/member,前台/配置/网站介绍.bru,ACTIVE,fat-client-network.json action=free_spins__page_initialization; records=377|fat-client-network.json action=rewards__page_initialization; records=336,observed in FAT UI Network
GET,/member/introduce/simple,网站介绍(单个),client/member,前台/配置/网站介绍(单个).bru,DOCUMENTED_UNVERIFIED,,not observed in the current UI interaction coverage; reachability and staleness not yet proven
GET,/member/kyc/detail,获取 kyc 详情 -- double/cold,client/kyc,前台/kyc/获取 kyc 详情 -- double-cold.bru,ACTIVE,fat-client-network.json action=account__primary_navigation_action; records=1276,observed in FAT UI Network
GET,/member/kyc/ekyc/get_results,获取ekyc结果,client/kyc,前台/kyc/获取ekyc结果.bru,DOCUMENTED_UNVERIFIED,,not observed in the current UI interaction coverage; reachability and staleness not yet proven
GET,/member/kyc/ekyc/info,ekyc 配置,client/kyc,前台/kyc/ekyc 配置.bru,DOCUMENTED_UNVERIFIED,,not observed in the current UI interaction coverage; reachability and staleness not yet proven
GET,/member/kyc/ekyc/url,获取ekyc的url,client/kyc,前台/kyc/获取ekyc的url.bru,DOCUMENTED_UNVERIFIED,,not observed in the current UI interaction coverage; reachability and staleness not yet proven
GET,/member/logout,退出登陆-seven,client/auth,前台/会员登陆注册验证/退出登陆-seven.bru,DOCUMENTED_UNVERIFIED,,not observed in the current UI interaction coverage; reachability and staleness not yet proven
GET,/member/marquee/list,跑马灯列表,client/member,前台/跑马灯/跑马灯列表.bru,DOCUMENTED_UNVERIFIED,,not observed in the current UI interaction coverage; reachability and staleness not yet proven
GET,/member/materials/list,素材列表,client/member,前台/素材/素材列表.bru,ACTIVE,fat-client-network.json action=account__page_initialization; records=1240|1241|1242|fat-client-network.json action=bet_history__page_initialization; records=1167|1168|1169|fat-client-network.json action=bonus__page_initialization; records=1208|1209|1210|fat-client-network.json action=deposit__page_initialization; records=1017|1018|1019|fat-client-network.json action=earn_filcoins__daily_task_go_1; records=504|505|506|fat-client-network.json action=earn_filcoins__daily_task_go_2; records=541|542|543|fat-client-network.json action=earn_filcoins__daily_task_go_3; records=579|580|581|fat-client-network.json action=earn_filcoins__daily_task_go_4; records=617|618|619|fat-client-network.json action=earn_filcoins__daily_task_go_5; records=655|656|657|fat-client-network.json action=earn_filcoins__daily_task_go_6; records=696|697|698|fat-client-network.json action=earn_filcoins__daily_task_go_7; records=737|738|739|fat-client-network.json action=earn_filcoins__daily_task_go_8; records=787|788|789|fat-client-network.json action=earn_filcoins__daily_task_go_9; records=844|845|846|fat-client-network.json action=earn_filcoins__page_initialization; records=472|473|474|fat-client-network.json action=filcoins_mall__page_initialization; records=881|882|883|fat-client-network.json action=free_spins__page_initialization; records=389|390|391|fat-client-network.json action=free_spins__start_first_free_spin_game; records=430|431|432|fat-client-network.json action=game__page_initialization; records=920|921|922|fat-client-network.json action=home__page_initialization; records=156|157|158|159|fat-client-network.json action=home__refresh_balance; records=192|193|194|195|fat-client-network.json action=home_guest__page_initialization; records=16|17|18|fat-client-network.json action=login__page_initialization; records=61|62|63|fat-client-network.json action=login__primary_navigation_action; records=67|fat-client-network.json action=login_success__password_login; records=111|112|113|117|fat-client-network.json action=my__page_initialization; records=305|306|307|fat-client-network.json action=register__page_initialization; records=86|87|88|fat-client-network.json action=register__primary_navigation_action; records=92|fat-client-network.json action=rewards__page_initialization; records=347|348|349|fat-client-network.json action=sidebar__page_initialization; records=239|240|241|242|fat-client-network.json action=sidebar_guest__page_initialization; records=32|33|34|fat-client-network.json action=transaction__page_initialization; records=1120|1121|1122|fat-client-network.json action=vip__page_initialization; records=964|965|966|fat-client-network.json action=withdraw__page_initialization; records=1072|1073|1074,observed in FAT UI Network
GET,/member/message/has_unread,是否有未读信息-todo,client/member,前台/站内信/是否有未读信息-todo.bru,ACTIVE,fat-client-network.json action=account__page_initialization; records=1260|1268|fat-client-network.json action=bet_history__page_initialization; records=1154|1162|fat-client-network.json action=bonus__page_initialization; records=1195|1203|fat-client-network.json action=deposit__page_initialization; records=1028|1036|fat-client-network.json action=earn_filcoins__daily_task_go_6; records=727|fat-client-network.json action=earn_filcoins__daily_task_go_7; records=777|fat-client-network.json action=earn_filcoins__daily_task_go_8; records=827|fat-client-network.json action=home__page_initialization; records=148|fat-client-network.json action=home__refresh_balance; records=210|fat-client-network.json action=my__page_initialization; records=292|300|fat-client-network.json action=sidebar__page_initialization; records=257|fat-client-network.json action=transaction__page_initialization; records=1107|1115|fat-client-network.json action=vip__page_initialization; records=974|982|fat-client-network.json action=withdraw__page_initialization; records=1059|1067,observed in FAT UI Network
GET,/member/message/list,站内信列表-todo,client/member,前台/站内信/站内信列表-todo.bru,DOCUMENTED_UNVERIFIED,,not observed in the current UI interaction coverage; reachability and staleness not yet proven
GET,/member/message/popup_list,获取弹窗站内信列表-todo,client/member,前台/站内信/获取弹窗站内信列表-todo.bru,ACTIVE,fat-client-network.json action=account__page_initialization; records=1253|fat-client-network.json action=bet_history__page_initialization; records=1182|fat-client-network.json action=bonus__page_initialization; records=1225|fat-client-network.json action=deposit__page_initialization; records=1042|fat-client-network.json action=earn_filcoins__daily_task_go_1; records=520|fat-client-network.json action=earn_filcoins__daily_task_go_2; records=558|fat-client-network.json action=earn_filcoins__daily_task_go_3; records=596|fat-client-network.json action=earn_filcoins__daily_task_go_4; records=634|fat-client-network.json action=earn_filcoins__daily_task_go_5; records=672|fat-client-network.json action=earn_filcoins__daily_task_go_6; records=710|fat-client-network.json action=earn_filcoins__daily_task_go_7; records=760|fat-client-network.json action=earn_filcoins__daily_task_go_8; records=807|fat-client-network.json action=earn_filcoins__daily_task_go_9; records=860|fat-client-network.json action=earn_filcoins__page_initialization; records=483|fat-client-network.json action=filcoins_mall__page_initialization; records=904|fat-client-network.json action=free_spins__page_initialization; records=401|fat-client-network.json action=free_spins__start_first_free_spin_game; records=445|fat-client-network.json action=game__page_initialization; records=938|fat-client-network.json action=home__page_initialization; records=172|fat-client-network.json action=home__refresh_balance; records=220|fat-client-network.json action=login_success__password_login; records=126|fat-client-network.json action=my__page_initialization; records=323|fat-client-network.json action=rewards__page_initialization; records=362|fat-client-network.json action=sidebar__page_initialization; records=266|fat-client-network.json action=transaction__page_initialization; records=1138|fat-client-network.json action=vip__page_initialization; records=990|fat-client-network.json action=withdraw__page_initialization; records=1090,observed in FAT UI Network
GET,/member/order/detail,订单详情 - felix,client/member,前台/商城/订单详情 - felix.bru,DOCUMENTED_UNVERIFIED,,not observed in the current UI interaction coverage; reachability and staleness not yet proven
GET,/member/order/list,订单列表 - felix,client/member,前台/商城/订单列表 - felix.bru,DOCUMENTED_UNVERIFIED,,not observed in the current UI interaction coverage; reachability and staleness not yet proven
GET,/member/oss/upload/url,代理获取视频上传地址,client/member,前台/代理/代理获取视频上传地址.bru,DOCUMENTED_UNVERIFIED,,not observed in the current UI interaction coverage; reachability and staleness not yet proven
GET,/member/platform/list,获取场馆列表-light,client/game,前台/游戏/获取场馆列表-light.bru,DOCUMENTED_UNVERIFIED,,not observed in the current UI interaction coverage; reachability and staleness not yet proven
GET,/member/popup/list,4-广告弹窗|获取首页弹窗列表-todo,client/game|client/member,前台/游戏/4-广告弹窗.bru|前台/配置/首页弹窗/获取首页弹窗列表-todo.bru,DOCUMENTED_UNVERIFIED,,not observed in the current UI interaction coverage; reachability and staleness not yet proven
GET,/member/privacy,1-隐私政策 privacy -cold,client/game,前台/游戏/1-隐私政策 privacy -cold.bru,DOCUMENTED_UNVERIFIED,,not observed in the current UI interaction coverage; reachability and staleness not yet proven
GET,/member/refresh/token,刷新token-seven,client/member,前台/会员登陆注册验证/刷新token-seven.bru,DOCUMENTED_UNVERIFIED,,not observed in the current UI interaction coverage; reachability and staleness not yet proven
GET,/member/stmt,5-获取声明|test,client/game|client/member,test.bru|前台/游戏/5-获取声明.bru,DOCUMENTED_UNVERIFIED,,not observed in the current UI interaction coverage; reachability and staleness not yet proven
GET,/member/system,获取系统配置,client/member,前台/配置/获取系统配置.bru,ACTIVE,fat-client-network.json action=account__page_initialization; records=1266|fat-client-network.json action=bet_history__page_initialization; records=1160|fat-client-network.json action=bonus__page_initialization; records=1201|fat-client-network.json action=deposit__page_initialization; records=1034|fat-client-network.json action=login__primary_navigation_action; records=66|fat-client-network.json action=login_success__password_login; records=116|fat-client-network.json action=my__page_initialization; records=298|fat-client-network.json action=register__primary_navigation_action; records=91|95|fat-client-network.json action=transaction__page_initialization; records=1113|fat-client-network.json action=vip__page_initialization; records=980|fat-client-network.json action=withdraw__page_initialization; records=1065,observed in FAT UI Network
GET,/member/terms,2-服务条款 terms -cold,client/game,前台/游戏/2-服务条款 terms -cold.bru,DOCUMENTED_UNVERIFIED,,not observed in the current UI interaction coverage; reachability and staleness not yet proven
GET,/member/v2/index,首页缓存v2-owen,client/game,前台/游戏/首页缓存v2-owen.bru,ACTIVE,fat-client-network.json action=account__page_initialization; records=1238|1255|fat-client-network.json action=bet_history__page_initialization; records=1165|1184|fat-client-network.json action=bonus__page_initialization; records=1206|1227|fat-client-network.json action=deposit__page_initialization; records=1015|1044|fat-client-network.json action=earn_filcoins__daily_task_go_1; records=501|522|fat-client-network.json action=earn_filcoins__daily_task_go_2; records=539|560|fat-client-network.json action=earn_filcoins__daily_task_go_3; records=577|598|fat-client-network.json action=earn_filcoins__daily_task_go_4; records=615|636|fat-client-network.json action=earn_filcoins__daily_task_go_5; records=653|674|fat-client-network.json action=earn_filcoins__daily_task_go_6; records=694|712|723|fat-client-network.json action=earn_filcoins__daily_task_go_7; records=735|762|773|fat-client-network.json action=earn_filcoins__daily_task_go_8; records=785|809|823|fat-client-network.json action=earn_filcoins__daily_task_go_9; records=842|862|fat-client-network.json action=earn_filcoins__page_initialization; records=470|485|fat-client-network.json action=filcoins_mall__page_initialization; records=879|906|fat-client-network.json action=free_spins__page_initialization; records=387|403|fat-client-network.json action=free_spins__start_first_free_spin_game; records=428|447|fat-client-network.json action=game__page_initialization; records=918|940|fat-client-network.json action=home__page_initialization; records=144|154|174|fat-client-network.json action=home__refresh_balance; records=190|206|222|fat-client-network.json action=home_guest__page_initialization; records=9|14|fat-client-network.json action=login__page_initialization; records=54|59|fat-client-network.json action=login_success__password_login; records=104|109|128|fat-client-network.json action=my__page_initialization; records=303|325|fat-client-network.json action=register__page_initialization; records=77|84|fat-client-network.json action=rewards__page_initialization; records=345|364|fat-client-network.json action=sidebar__page_initialization; records=237|253|268|fat-client-network.json action=sidebar_guest__page_initialization; records=25|30|fat-client-network.json action=transaction__page_initialization; records=1118|1140|fat-client-network.json action=vip__page_initialization; records=962|992|fat-client-network.json action=withdraw__page_initialization; records=1070|1092,observed in FAT UI Network
GET,/member/vip,会员vip信息-seven,client/member,前台/会员信息/会员vip信息-seven.bru,DOCUMENTED_UNVERIFIED,,not observed in the current UI interaction coverage; reachability and staleness not yet proven
GET,/member/vip/level/detail,会员vip等级详情,client/member,前台/VIP/会员vip等级详情.bru,ACTIVE,fat-client-network.json action=account__page_initialization; records=1262|fat-client-network.json action=bet_history__page_initialization; records=1156|fat-client-network.json action=bonus__page_initialization; records=1197|fat-client-network.json action=deposit__page_initialization; records=1030|fat-client-network.json action=my__page_initialization; records=294|fat-client-network.json action=sidebar__primary_navigation_action; records=277|fat-client-network.json action=transaction__page_initialization; records=1109|fat-client-network.json action=vip__page_initialization; records=976|fat-client-network.json action=vip__primary_navigation_action; records=1003|fat-client-network.json action=withdraw__page_initialization; records=1061,observed in FAT UI Network
GET,/member/vip/rule,VIP配置规则-todo,client/member,前台/VIP/VIP配置规则-todo.bru,ACTIVE,fat-client-network.json action=account__page_initialization; records=1274|fat-client-network.json action=bet_history__page_initialization; records=1171|fat-client-network.json action=bonus__page_initialization; records=1213|fat-client-network.json action=deposit__page_initialization; records=1052|fat-client-network.json action=my__page_initialization; records=311|fat-client-network.json action=sidebar__primary_navigation_action; records=282|fat-client-network.json action=transaction__page_initialization; records=1130|fat-client-network.json action=vip__page_initialization; records=998|fat-client-network.json action=vip__primary_navigation_action; records=1008|fat-client-network.json action=withdraw__page_initialization; records=1083,observed in FAT UI Network
GET,/promo/inviter/statistics,邀请好友数据展示,client/promo,活动/邀请好友/邀请好友数据展示.bru,DOCUMENTED_UNVERIFIED,,not observed in the current UI interaction coverage; reachability and staleness not yet proven
GET,/promo/pt/info,pt相关数据,client/promo,活动/pt/pt相关数据.bru,DOCUMENTED_UNVERIFIED,,not observed in the current UI interaction coverage; reachability and staleness not yet proven
GET,/promo/rotate/bet/detail,活动详情|详情(老页面),client/kyc|client/promo,活动/Vip/详情(老页面).bru|活动/kyc送免费旋转/详情(老页面).bru|活动/每日充值+投注阶梯送礼金和旋转次数/活动详情.bru,ACTIVE,fat-client-network.json action=earn_filcoins__daily_task_go_6; records=726|730|fat-client-network.json action=earn_filcoins__daily_task_go_7; records=776|780|fat-client-network.json action=earn_filcoins__daily_task_go_8; records=826|830|fat-client-network.json action=free_spins__page_initialization; records=380|383|fat-client-network.json action=home__open_daily_rewards; records=185|fat-client-network.json action=home__page_initialization; records=147|151|fat-client-network.json action=home__refresh_balance; records=209|213|fat-client-network.json action=home_guest__page_initialization; records=12|13|fat-client-network.json action=login__page_initialization; records=57|58|fat-client-network.json action=login_success__password_login; records=107|108|135|fat-client-network.json action=register__page_initialization; records=80|81|fat-client-network.json action=rewards__page_initialization; records=339|342|fat-client-network.json action=sidebar__page_initialization; records=256|260|fat-client-network.json action=sidebar_guest__page_initialization; records=28|29,observed in FAT UI Network
GET,/promo/rotate/kyc/detail,详情,client/kyc,活动/kyc送免费旋转/详情.bru,ACTIVE,fat-client-network.json action=account__page_initialization; records=1249|1250|1259|1273|1275|fat-client-network.json action=account__primary_navigation_action; records=1278|1279|1281|fat-client-network.json action=bet_history__page_initialization; records=1153|1170|1178|1179|1188|fat-client-network.json action=bonus__page_initialization; records=1212|1220|1221|1222|1231|fat-client-network.json action=deposit__page_initialization; records=1027|1039|1048|1051|1053|fat-client-network.json action=earn_filcoins__daily_task_go_1; records=516|517|526|fat-client-network.json action=earn_filcoins__daily_task_go_2; records=554|555|564|fat-client-network.json action=earn_filcoins__daily_task_go_3; records=592|593|602|fat-client-network.json action=earn_filcoins__daily_task_go_4; records=630|631|640|fat-client-network.json action=earn_filcoins__daily_task_go_5; records=668|669|678|fat-client-network.json action=earn_filcoins__daily_task_go_6; records=686|707|716|fat-client-network.json action=earn_filcoins__daily_task_go_7; records=756|757|766|fat-client-network.json action=earn_filcoins__daily_task_go_8; records=797|804|813|fat-client-network.json action=earn_filcoins__daily_task_go_9; records=856|857|866|fat-client-network.json action=earn_filcoins__page_initialization; records=469|480|489|fat-client-network.json action=filcoins_mall__page_initialization; records=900|901|910|fat-client-network.json action=free_spins__page_initialization; records=376|398|407|fat-client-network.json action=free_spins__start_first_free_spin_game; records=441|442|451|fat-client-network.json action=game__page_initialization; records=934|935|944|fat-client-network.json action=home__page_initialization; records=161|169|178|fat-client-network.json action=home__refresh_balance; records=203|217|226|fat-client-network.json action=login_success__password_login; records=123|132|fat-client-network.json action=my__page_initialization; records=310|318|319|320|329|fat-client-network.json action=rewards__page_initialization; records=353|359|368|fat-client-network.json action=sidebar__page_initialization; records=250|263|272|fat-client-network.json action=sidebar__primary_navigation_action; records=281|283|fat-client-network.json action=transaction__page_initialization; records=1129|1132|1133|1135|1144|fat-client-network.json action=vip__page_initialization; records=973|987|996|997|999|fat-client-network.json action=vip__primary_navigation_action; records=1006|1007|fat-client-network.json action=withdraw__page_initialization; records=1082|1085|1086|1087|1096,observed in FAT UI Network
GET,/promo/rotate/kyc/popup,弹窗上报,client/kyc,活动/kyc送免费旋转/弹窗上报.bru,DOCUMENTED_UNVERIFIED,,not observed in the current UI interaction coverage; reachability and staleness not yet proven
GET,/promo/rotation/detail,详情(选择厂商或游戏),client/game,活动/freeSpin/详情(选择厂商或游戏).bru,ACTIVE,fat-client-network.json action=free_spins__start_first_free_spin_game; records=453,observed in FAT UI Network
GET,/promo/rotation/list,列表,client/promo,活动/freeSpin/列表.bru,ACTIVE,fat-client-network.json action=free_spins__primary_navigation_action; records=410|411|412|fat-client-network.json action=free_spins__select_ended_tab; records=415|fat-client-network.json action=free_spins__select_in_use_tab; records=413|fat-client-network.json action=free_spins__start_first_free_spin_game; records=423|424|425,observed in FAT UI Network
GET,/promo/rotation/summary,统计,client/report,活动/freeSpin/统计.bru,ACTIVE,fat-client-network.json action=free_spins__primary_navigation_action; records=409|fat-client-network.json action=free_spins__select_ended_tab; records=416|fat-client-network.json action=free_spins__select_in_use_tab; records=414|fat-client-network.json action=free_spins__start_first_free_spin_game; records=422,observed in FAT UI Network
GET,/promo/task/daily/claim,领取日常任务-seven,client/promo,前台/任务中心/领取日常任务-seven.bru,ACTIVE,fat-client-network.json action=earn_filcoins__daily_task_go_9; records=868,observed in FAT UI Network
GET,/promo/task/daily/history,日常签到历史记录-seven,client/promo,前台/任务中心/日常签到历史记录-seven.bru,DOCUMENTED_UNVERIFIED,,not observed in the current UI interaction coverage; reachability and staleness not yet proven
GET,/promo/task/daily/list,日常任务列表-seven,client/promo,前台/任务中心/日常任务列表-seven.bru,ACTIVE,fat-client-network.json action=earn_filcoins__daily_task_go_1; records=497|514|fat-client-network.json action=earn_filcoins__daily_task_go_2; records=535|551|fat-client-network.json action=earn_filcoins__daily_task_go_3; records=573|590|fat-client-network.json action=earn_filcoins__daily_task_go_4; records=611|627|fat-client-network.json action=earn_filcoins__daily_task_go_5; records=649|666|fat-client-network.json action=earn_filcoins__daily_task_go_6; records=690|706|fat-client-network.json action=earn_filcoins__daily_task_go_7; records=742|754|fat-client-network.json action=earn_filcoins__daily_task_go_8; records=800|816|fat-client-network.json action=earn_filcoins__daily_task_go_9; records=838|854|869|fat-client-network.json action=earn_filcoins__page_initialization; records=460|467|fat-client-network.json action=filcoins_mall__page_initialization; records=886|898,observed in FAT UI Network
GET,/promo/task/daily/task,日常签到任务详情-seven,client/promo,前台/任务中心/日常签到任务详情-seven.bru,DOCUMENTED_UNVERIFIED,,not observed in the current UI interaction coverage; reachability and staleness not yet proven
GET,/promo/task/newbie/claim,领取任务（新手任务14个）-seven,client/promo,前台/任务中心/领取任务（新手任务14个）-seven.bru,DOCUMENTED_UNVERIFIED,,not observed in the current UI interaction coverage; reachability and staleness not yet proven
GET,/promo/task/newbie/daily,签到任务详情-seven,client/promo,前台/任务中心/签到任务详情-seven.bru,ACTIVE,fat-client-network.json action=earn_filcoins__daily_task_go_1; records=498|fat-client-network.json action=earn_filcoins__daily_task_go_2; records=536|fat-client-network.json action=earn_filcoins__daily_task_go_3; records=574|fat-client-network.json action=earn_filcoins__daily_task_go_4; records=612|fat-client-network.json action=earn_filcoins__daily_task_go_5; records=650|fat-client-network.json action=earn_filcoins__daily_task_go_6; records=691|fat-client-network.json action=earn_filcoins__daily_task_go_7; records=743|fat-client-network.json action=earn_filcoins__daily_task_go_8; records=801|fat-client-network.json action=earn_filcoins__daily_task_go_9; records=839|fat-client-network.json action=earn_filcoins__page_initialization; records=461|fat-client-network.json action=filcoins_mall__page_initialization; records=887,observed in FAT UI Network
GET,/promo/task/newbie/daily/claim,签到任务领取-seven,client/promo,前台/任务中心/签到任务领取-seven.bru,DOCUMENTED_UNVERIFIED,,not observed in the current UI interaction coverage; reachability and staleness not yet proven
GET,/promo/task/newbie/list,新人任务列表-seven,client/promo,前台/任务中心/新人任务列表-seven.bru,ACTIVE,fat-client-network.json action=earn_filcoins__daily_task_go_1; records=496|513|fat-client-network.json action=earn_filcoins__daily_task_go_2; records=534|550|fat-client-network.json action=earn_filcoins__daily_task_go_3; records=572|589|fat-client-network.json action=earn_filcoins__daily_task_go_4; records=610|626|fat-client-network.json action=earn_filcoins__daily_task_go_5; records=648|665|fat-client-network.json action=earn_filcoins__daily_task_go_6; records=689|705|fat-client-network.json action=earn_filcoins__daily_task_go_7; records=741|753|fat-client-network.json action=earn_filcoins__daily_task_go_8; records=799|815|fat-client-network.json action=earn_filcoins__daily_task_go_9; records=837|853|fat-client-network.json action=earn_filcoins__page_initialization; records=459|466|fat-client-network.json action=filcoins_mall__page_initialization; records=885|897,observed in FAT UI Network
GET,/promo/task/tokens/balance,代币余额-seven,client/promo,前台/任务中心/代币余额-seven.bru,DOCUMENTED_UNVERIFIED,,not observed in the current UI interaction coverage; reachability and staleness not yet proven
GET,/promo/task/transaction,代币明细-seven,client/finance,前台/任务中心/代币明细-seven.bru,DOCUMENTED_UNVERIFIED,,not observed in the current UI interaction coverage; reachability and staleness not yet proven
GET,/promo/task/unclaimed/num,待领取任务数-seven,client/promo,前台/任务中心/待领取任务数-seven.bru,DOCUMENTED_UNVERIFIED,,not observed in the current UI interaction coverage; reachability and staleness not yet proven
GET,/promo/vip/config,vip配置,client/promo,活动/Vip/vip配置.bru,ACTIVE,fat-client-network.json action=vip__primary_navigation_action; records=1004,observed in FAT UI Network
GET,/promo/vip/detail,详情,client/promo,活动/Vip/详情.bru,DOCUMENTED_UNVERIFIED,,not observed in the current UI interaction coverage; reachability and staleness not yet proven
GET,/promo/vip/log/history,领取奖励历史记录列表-aliang,client/promo,前台/VIP/领取奖励历史记录列表-aliang.bru,DOCUMENTED_UNVERIFIED,,not observed in the current UI interaction coverage; reachability and staleness not yet proven
GET,/promo/vip/log/list,待领取奖励列表-aliang,client/promo,前台/VIP/待领取奖励列表-aliang.bru,ACTIVE,fat-client-network.json action=vip__primary_navigation_action; records=1000|1009,observed in FAT UI Network
GET,/promo/vip/sign/in/config,签到配置,client/promo,活动/Vip/签到配置.bru,ACTIVE,fat-client-network.json action=account__page_initialization; records=1263|1270|fat-client-network.json action=bet_history__page_initialization; records=1157|1164|fat-client-network.json action=bonus__page_initialization; records=1198|1205|fat-client-network.json action=deposit__page_initialization; records=1031|1038|fat-client-network.json action=earn_filcoins__daily_task_go_1; records=500|fat-client-network.json action=earn_filcoins__daily_task_go_2; records=538|fat-client-network.json action=earn_filcoins__daily_task_go_3; records=576|fat-client-network.json action=earn_filcoins__daily_task_go_4; records=614|fat-client-network.json action=earn_filcoins__daily_task_go_5; records=652|fat-client-network.json action=earn_filcoins__daily_task_go_6; records=693|fat-client-network.json action=earn_filcoins__daily_task_go_7; records=745|fat-client-network.json action=earn_filcoins__daily_task_go_8; records=803|fat-client-network.json action=earn_filcoins__daily_task_go_9; records=841|fat-client-network.json action=earn_filcoins__page_initialization; records=463|fat-client-network.json action=filcoins_mall__page_initialization; records=889|fat-client-network.json action=free_spins__page_initialization; records=385|fat-client-network.json action=free_spins__start_first_free_spin_game; records=427|fat-client-network.json action=game__page_initialization; records=925|fat-client-network.json action=home__page_initialization; records=153|fat-client-network.json action=home__refresh_balance; records=215|fat-client-network.json action=login_success__password_login; records=133|fat-client-network.json action=my__page_initialization; records=295|302|fat-client-network.json action=rewards__page_initialization; records=344|fat-client-network.json action=sidebar__page_initialization; records=236|fat-client-network.json action=transaction__page_initialization; records=1110|1117|fat-client-network.json action=vip__page_initialization; records=977|984|fat-client-network.json action=vip__primary_navigation_action; records=1005|fat-client-network.json action=withdraw__page_initialization; records=1062|1069,observed in FAT UI Network
GET,/promo/vip/test,测试(这个不用管),client/promo,活动/Vip/测试(这个不用管).bru,DOCUMENTED_UNVERIFIED,,not observed in the current UI interaction coverage; reachability and staleness not yet proven
POST,/agency/otp/login,otp登陆-wesley,client/auth,代理后台/登陆/otp登陆-wesley.bru,DOCUMENTED_UNVERIFIED,,not observed in the current UI interaction coverage; reachability and staleness not yet proven
POST,/api/v1/cbconfig,glife-获取系统配置-owen,client/other,前台/glife mini/glife-获取系统配置-owen.bru,DOCUMENTED_UNVERIFIED,,not observed in the current UI interaction coverage; reachability and staleness not yet proven
POST,/cmpl/wallet/information,information,client/finance,前台/mx/information.bru,DOCUMENTED_UNVERIFIED,,not observed in the current UI interaction coverage; reachability and staleness not yet proven
POST,/cmpl/wallet/playerid,playerid,client/finance,前台/mx/playerid.bru,DOCUMENTED_UNVERIFIED,,not observed in the current UI interaction coverage; reachability and staleness not yet proven
POST,/finance/account/bank/delete,删除银行卡,client/finance,前台/财务/删除银行卡.bru,DOCUMENTED_UNVERIFIED,,not observed in the current UI interaction coverage; reachability and staleness not yet proven
POST,/finance/account/bank/update,编辑银行卡,client/finance,前台/财务/编辑银行卡.bru,DOCUMENTED_UNVERIFIED,,not observed in the current UI interaction coverage; reachability and staleness not yet proven
POST,/finance/account/insert,创建提现账户-wesley,client/finance,前台/财务/创建提现账户-wesley.bru,DOCUMENTED_UNVERIFIED,,not observed in the current UI interaction coverage; reachability and staleness not yet proven
POST,/finance/lazada/exchange,lazada兑换-owen,client/finance,前台/财务/lazada兑换-owen.bru,DOCUMENTED_UNVERIFIED,,not observed in the current UI interaction coverage; reachability and staleness not yet proven
POST,/finance/lazada/product/list,lazada商品列表-owen,client/finance,前台/财务/lazada商品列表-owen.bru,DOCUMENTED_UNVERIFIED,,not observed in the current UI interaction coverage; reachability and staleness not yet proven
POST,/finance/lazadaminiapp/login,登陆-owen,client/auth,前台/lazada mini/登陆-owen.bru,DOCUMENTED_UNVERIFIED,,not observed in the current UI interaction coverage; reachability and staleness not yet proven
POST,/finance/payment/callback/deposit/pisopay,pisopay回调,client/finance,前台/支付/pisopay回调.bru,DOCUMENTED_UNVERIFIED,,not observed in the current UI interaction coverage; reachability and staleness not yet proven
POST,/finance/wallet/pwd/check,验证钱包密码,client/finance,前台/财务/钱包密码/验证钱包密码.bru,DOCUMENTED_UNVERIFIED,,not observed in the current UI interaction coverage; reachability and staleness not yet proven
POST,/finance/wallet/pwd/set,设置钱包密码,client/finance,前台/财务/钱包密码/设置钱包密码.bru,DOCUMENTED_UNVERIFIED,,not observed in the current UI interaction coverage; reachability and staleness not yet proven
POST,/finance/wallet/pwd/update,修改密码,client/finance,前台/财务/钱包密码/修改密码.bru,DOCUMENTED_UNVERIFIED,,not observed in the current UI interaction coverage; reachability and staleness not yet proven
POST,/member/agency/apply,代理申请,client/member,前台/会员信息/代理申请.bru,DOCUMENTED_UNVERIFIED,,not observed in the current UI interaction coverage; reachability and staleness not yet proven
POST,/member/agency/apply/material,申请资料提交,client/member,前台/代理/申请资料提交.bru,DOCUMENTED_UNVERIFIED,,not observed in the current UI interaction coverage; reachability and staleness not yet proven
POST,/member/auth/mail,邮箱验证码验证-ducky,client/auth,前台/会员信息/邮箱验证码验证-ducky.bru,DOCUMENTED_UNVERIFIED,,not observed in the current UI interaction coverage; reachability and staleness not yet proven
POST,/member/auth/password,旧密码前置验证-seven,client/auth,前台/会员登陆注册验证/旧密码前置验证-seven.bru,DOCUMENTED_UNVERIFIED,,not observed in the current UI interaction coverage; reachability and staleness not yet proven
POST,/member/auth/sms,短信验证码前置检查-seven,client/auth,前台/会员登陆注册验证/短信验证码前置检查-seven.bru,DOCUMENTED_UNVERIFIED,,not observed in the current UI interaction coverage; reachability and staleness not yet proven
POST,/member/bind/facebook,facebook oauth绑定-ducky,client/member,前台/会员信息/facebook oauth绑定-ducky.bru,DOCUMENTED_UNVERIFIED,,not observed in the current UI interaction coverage; reachability and staleness not yet proven
POST,/member/bind/google,google oauth绑定-ducky,client/member,前台/会员信息/google oauth绑定-ducky.bru,DOCUMENTED_UNVERIFIED,,not observed in the current UI interaction coverage; reachability and staleness not yet proven
POST,/member/block,申请封禁,client/member,前台/会员信息/申请封禁.bru,DOCUMENTED_UNVERIFIED,,not observed in the current UI interaction coverage; reachability and staleness not yet proven
POST,/member/card/list,会员卡片列表查询-owen,client/member,前台/会员信息/会员卡片列表查询-owen.bru,DOCUMENTED_UNVERIFIED,,not observed in the current UI interaction coverage; reachability and staleness not yet proven
POST,/member/card/update,会员卡片列表更新-owen,client/member,前台/会员信息/会员卡片列表更新-owen.bru,DOCUMENTED_UNVERIFIED,,not observed in the current UI interaction coverage; reachability and staleness not yet proven
POST,/member/channel/trackclick,渠道跟踪点击-todo,client/member,前台/渠道/渠道跟踪点击-todo.bru,ACTIVE,fat-client-network.json action=account__page_initialization; records=1247|fat-client-network.json action=bet_history__page_initialization; records=1177|fat-client-network.json action=bonus__page_initialization; records=1218|fat-client-network.json action=deposit__page_initialization; records=1024|fat-client-network.json action=earn_filcoins__daily_task_go_1; records=511|fat-client-network.json action=earn_filcoins__daily_task_go_2; records=549|fat-client-network.json action=earn_filcoins__daily_task_go_3; records=587|fat-client-network.json action=earn_filcoins__daily_task_go_4; records=625|fat-client-network.json action=earn_filcoins__daily_task_go_5; records=663|fat-client-network.json action=earn_filcoins__daily_task_go_6; records=704|fat-client-network.json action=earn_filcoins__daily_task_go_7; records=751|fat-client-network.json action=earn_filcoins__daily_task_go_8; records=795|fat-client-network.json action=earn_filcoins__daily_task_go_9; records=851|fat-client-network.json action=earn_filcoins__page_initialization; records=479|fat-client-network.json action=filcoins_mall__page_initialization; records=895|fat-client-network.json action=free_spins__page_initialization; records=396|fat-client-network.json action=free_spins__start_first_free_spin_game; records=438|fat-client-network.json action=game__page_initialization; records=931|fat-client-network.json action=home__page_initialization; records=167|fat-client-network.json action=home__refresh_balance; records=201|fat-client-network.json action=home_guest__page_initialization; records=6|fat-client-network.json action=login__page_initialization; records=51|fat-client-network.json action=login_success__password_login; records=101|fat-client-network.json action=my__page_initialization; records=316|fat-client-network.json action=register__page_initialization; records=83|fat-client-network.json action=rewards__page_initialization; records=358|fat-client-network.json action=sidebar__page_initialization; records=248|fat-client-network.json action=sidebar_guest__page_initialization; records=36|fat-client-network.json action=transaction__page_initialization; records=1127|fat-client-network.json action=vip__page_initialization; records=971|fat-client-network.json action=withdraw__page_initialization; records=1080,observed in FAT UI Network
POST,/member/detail/update,会员信息修改-seven,client/member,前台/会员信息/会员信息修改-seven.bru,DOCUMENTED_UNVERIFIED,,not observed in the current UI interaction coverage; reachability and staleness not yet proven
POST,/member/facebook/login,facebook oauth登录-ducky,client/auth,前台/会员登陆注册验证/facebook oauth登录-ducky.bru,DOCUMENTED_UNVERIFIED,,not observed in the current UI interaction coverage; reachability and staleness not yet proven
POST,/member/fb/bind,绑定三方账号,client/member,前台/三方登录/绑定三方账号.bru,DOCUMENTED_UNVERIFIED,,not observed in the current UI interaction coverage; reachability and staleness not yet proven
POST,/member/fb/login,注册接口,client/auth,前台/三方登录/注册接口.bru,DOCUMENTED_UNVERIFIED,,not observed in the current UI interaction coverage; reachability and staleness not yet proven
POST,/member/fb/unbind,解绑三方账号,client/member,前台/三方登录/解绑三方账号.bru,DOCUMENTED_UNVERIFIED,,not observed in the current UI interaction coverage; reachability and staleness not yet proven
POST,/member/feedback,feedback-ducky,client/member,前台/feedback/feedback-ducky.bru,DOCUMENTED_UNVERIFIED,,not observed in the current UI interaction coverage; reachability and staleness not yet proven
POST,/member/feedback/read,feedback read-ducky,client/member,前台/feedback/feedback read-ducky.bru,DOCUMENTED_UNVERIFIED,,not observed in the current UI interaction coverage; reachability and staleness not yet proven
POST,/member/flutter/ocr/checkresult,获取身份验证进程的运行状态和相关的验证结果-double,client/kyc,前台/ocr-flutter/获取身份验证进程的运行状态和相关的验证结果.bru,DOCUMENTED_UNVERIFIED,,not observed in the current UI interaction coverage; reachability and staleness not yet proven
POST,/member/flutter/ocr/setup,初始化ZOLOZ中的身份验证进程-double,client/kyc,前台/ocr-flutter/初始化ZOLOZ中的身份验证进程.bru,DOCUMENTED_UNVERIFIED,,not observed in the current UI interaction coverage; reachability and staleness not yet proven
POST,/member/game/rank,游戏排名-benjie,client/game,前台/游戏/游戏排名-benjie.bru,ACTIVE,fat-client-network.json action=earn_filcoins__daily_task_go_6; records=721|725|fat-client-network.json action=earn_filcoins__daily_task_go_7; records=771|775|fat-client-network.json action=earn_filcoins__daily_task_go_8; records=821|825|fat-client-network.json action=home__page_initialization; records=142|146|fat-client-network.json action=home__refresh_balance; records=204|208|fat-client-network.json action=home_guest__page_initialization; records=7|11|fat-client-network.json action=login__page_initialization; records=52|56|fat-client-network.json action=login_success__password_login; records=102|106|fat-client-network.json action=register__page_initialization; records=75|79|fat-client-network.json action=sidebar__page_initialization; records=251|255|fat-client-network.json action=sidebar_guest__page_initialization; records=23|27,observed in FAT UI Network
POST,/member/google/login,google oauth登录-ducky,client/auth,前台/会员登陆注册验证/google oauth登录-ducky.bru,DOCUMENTED_UNVERIFIED,,not observed in the current UI interaction coverage; reachability and staleness not yet proven
POST,/member/invite/code/check,校验邀请码,client/member,前台/会员登陆注册验证/校验邀请码.bru,DOCUMENTED_UNVERIFIED,,not observed in the current UI interaction coverage; reachability and staleness not yet proven
POST,/member/kyc/base,提交 kyc 基础信息 -- double/cold,client/kyc,前台/kyc/提交 kyc 基础信息 -- double-cold.bru,DOCUMENTED_UNVERIFIED,,not observed in the current UI interaction coverage; reachability and staleness not yet proven
POST,/member/kyc/ekyc/callback,ekyc回调,client/kyc,前台/kyc/ekyc回调.bru,DOCUMENTED_UNVERIFIED,,not observed in the current UI interaction coverage; reachability and staleness not yet proven
POST,/member/kyc/insert,提交 kyc -- double/cold/owen,client/kyc,前台/kyc/提交 kyc -- double-cold-owen.bru,DOCUMENTED_UNVERIFIED,,not observed in the current UI interaction coverage; reachability and staleness not yet proven
POST,/member/kyc/shops,获取门店列表 -- owen,client/kyc,前台/kyc/获取门店列表 -- owen.bru,DOCUMENTED_UNVERIFIED,,not observed in the current UI interaction coverage; reachability and staleness not yet proven
POST,/member/kyc/update,更新 kyc -- double/cold（已经弃用，请调用 /kyc/insert）,client/kyc,前台/kyc/更新 kyc -- double-cold（已经弃用，请调用 -kyc-insert）.bru,DOCUMENTED_UNVERIFIED,,not observed in the current UI interaction coverage; reachability and staleness not yet proven
POST,/member/kyc/v2/insert,提交 kyc v2 -- double/cold/owen,client/kyc,前台/kyc/v2/insert.bru,DOCUMENTED_UNVERIFIED,,not observed in the current UI interaction coverage; reachability and staleness not yet proven
POST,/member/login,密码登陆-seven,client/auth,前台/会员登陆注册验证/密码登陆-seven.bru,DOCUMENTED_UNVERIFIED,,not observed in the current UI interaction coverage; reachability and staleness not yet proven
POST,/member/mail,邮箱验证码发送-ducky,client/member,前台/会员信息/邮箱验证码发送-ducky.bru,DOCUMENTED_UNVERIFIED,,not observed in the current UI interaction coverage; reachability and staleness not yet proven
POST,/member/message/reads,站内信已读-todo,client/member,前台/站内信/站内信已读-todo.bru,DOCUMENTED_UNVERIFIED,,not observed in the current UI interaction coverage; reachability and staleness not yet proven
POST,/member/ocr/checkresult,获取身份验证进程的运行状态和相关的验证结果-double/owen,client/kyc,前台/ocr/获取身份验证进程的运行状态和相关的验证结果-double-owen.bru,DOCUMENTED_UNVERIFIED,,not observed in the current UI interaction coverage; reachability and staleness not yet proven
POST,/member/ocr/setup,初始化ZOLOZ中的身份验证进程-double,client/kyc,前台/ocr/初始化ZOLOZ中的身份验证进程.bru,DOCUMENTED_UNVERIFIED,,not observed in the current UI interaction coverage; reachability and staleness not yet proven
POST,/member/order/submit,提交订单 - felix,client/member,前台/商城/提交订单 - felix.bru,DOCUMENTED_UNVERIFIED,,not observed in the current UI interaction coverage; reachability and staleness not yet proven
POST,/member/otp/login,otp登陆-seven,client/auth,前台/会员登陆注册验证/otp登陆-seven.bru,DOCUMENTED_UNVERIFIED,,not observed in the current UI interaction coverage; reachability and staleness not yet proven
POST,/member/otp/login/v2,otp登陆V2-seven,client/auth,前台/会员登陆注册验证/otp登陆V2-seven.bru,DOCUMENTED_UNVERIFIED,,not observed in the current UI interaction coverage; reachability and staleness not yet proven
POST,/member/password/update,密码修改-seven,client/auth,前台/会员信息/密码修改-seven.bru,DOCUMENTED_UNVERIFIED,,not observed in the current UI interaction coverage; reachability and staleness not yet proven
POST,/member/register,注册,client/auth,前台/会员登陆注册验证/注册.bru,DOCUMENTED_UNVERIFIED,,not observed in the current UI interaction coverage; reachability and staleness not yet proven
POST,/member/retrieve/password,重置密码-seven,client/auth,前台/会员登陆注册验证/重置密码-seven.bru,DOCUMENTED_UNVERIFIED,,not observed in the current UI interaction coverage; reachability and staleness not yet proven
POST,/member/retrieve/passwordbyemail,通过邮箱修改密码-ducky,client/auth,前台/会员信息/通过邮箱修改密码-ducky.bru,DOCUMENTED_UNVERIFIED,,not observed in the current UI interaction coverage; reachability and staleness not yet proven
POST,/member/sms,短信发送-seven|短信发送-wesley,client/member,代理后台/登陆/短信发送-wesley.bru|前台/会员登陆注册验证/短信发送-seven.bru,DOCUMENTED_UNVERIFIED,,not observed in the current UI interaction coverage; reachability and staleness not yet proven
POST,/member/v2/login,密码登陆v2-ducky,client/auth,前台/会员登陆注册验证/密码登陆v2-ducky.bru,ACTIVE,fat-client-network.json action=login_success__password_login; records=121,observed in FAT UI Network
POST,/member/wallet/checkpassword,校验钱包密码-ducky,client/auth,前台/会员信息/校验钱包密码-ducky.bru,DOCUMENTED_UNVERIFIED,,not observed in the current UI interaction coverage; reachability and staleness not yet proven
POST,/member/wallet/password,钱包密码设置-ducky,client/auth,前台/会员信息/钱包密码设置-ducky.bru,DOCUMENTED_UNVERIFIED,,not observed in the current UI interaction coverage; reachability and staleness not yet proven
POST,/member/wallet/password/update,设置新钱包密码-ducky,client/auth,前台/会员信息/设置新钱包密码-ducky.bru,DOCUMENTED_UNVERIFIED,,not observed in the current UI interaction coverage; reachability and staleness not yet proven
POST,/promo/rotation/game/create,创建(带入游戏),client/game,活动/freeSpin/创建(带入游戏).bru,DOCUMENTED_UNVERIFIED,,not observed in the current UI interaction coverage; reachability and staleness not yet proven
POST,/promo/vip/clock/in,补签,client/promo,活动/Vip/补签.bru,DOCUMENTED_UNVERIFIED,,not observed in the current UI interaction coverage; reachability and staleness not yet proven
POST,/promo/vip/daily/loss/claim,每日负盈利-领取奖励-aliang,client/promo,前台/VIP/每日负盈利-领取奖励-aliang.bru,DOCUMENTED_UNVERIFIED,,not observed in the current UI interaction coverage; reachability and staleness not yet proven
POST,/promo/vip/half/moon/claim,半月礼金-领取奖励-aliang,client/promo,前台/VIP/半月礼金-领取奖励-aliang.bru,DOCUMENTED_UNVERIFIED,,not observed in the current UI interaction coverage; reachability and staleness not yet proven
POST,/promo/vip/log/claim/all,领取全部奖励,client/promo,前台/VIP/领取全部奖励.bru,DOCUMENTED_UNVERIFIED,,not observed in the current UI interaction coverage; reachability and staleness not yet proven
POST,/promo/vip/log/claim/byid,领取奖励-aliang,client/promo,前台/VIP/领取奖励-aliang.bru,DOCUMENTED_UNVERIFIED,,not observed in the current UI interaction coverage; reachability and staleness not yet proven
POST,/promo/vip/sign/in,签到,client/promo,活动/Vip/签到.bru,DOCUMENTED_UNVERIFIED,,not observed in the current UI interaction coverage; reachability and staleness not yet proven
POST,/vip/sign/in,vip签到,client/other,前台/任务中心/vip签到.bru,DOCUMENTED_UNVERIFIED,,not observed in the current UI interaction coverage; reachability and staleness not yet proven
PUT,func (that GlifeController) Config(fctx *fasthttp.RequestCtx) {,刷新token-owen|获取系统配置-owen,client/other,前台/刷新token-owen.bru|前台/获取系统配置-owen.bru,DOCUMENTED_UNVERIFIED,,not observed in the current UI interaction coverage; reachability and staleness not yet proven
